code,theme,name,price,rating,pieces,vip_points,URL,scraped_on
10255,Creator Expert,Assembly Square,299.99,4.8,4002.0,1950,https://www.lego.com/en-us/product/assembly-square-10255,2023-04-23
10265,Creator Expert,Ford Mustang,169.99,4.7,1471.0,1105,https://www.lego.com/en-us/product/ford-mustang-10265,2023-04-23
10266,Creator Expert,NASA Apollo 11 Lunar Lander,99.99,4.8,1087.0,650,https://www.lego.com/en-us/product/nasa-apollo-11-lunar-lander-10266,2023-04-23
10270,Creator Expert,Bookshop,199.99,4.3,2504.0,1300,https://www.lego.com/en-us/product/bookshop-10270,2023-04-23
10273,Creator Expert,Haunted House,299.99,4.5,3231.0,1950,https://www.lego.com/en-us/product/haunted-house-10273,2023-04-23
10274,LEGO® Icons,Ghostbusters™ ECTO-1,239.99,4.6,2352.0,1560,https://www.lego.com/en-us/product/tbd-expert-5-2020-10274,2023-04-23
10276,LEGO® Icons,Colosseum,549.99,4.5,9036.0,3575,https://www.lego.com/en-us/product/colosseum-10276,2023-04-23
10278,LEGO® Icons,Police Station,199.99,,2923.0,1300,https://www.lego.com/en-us/product/police-station-10278,2023-04-23
10280,LEGO® Icons,Flower Bouquet,59.99,4.7,756.0,390,https://www.lego.com/en-us/product/flower-bouquet-10280,2023-04-23
10281,LEGO® Icons,Bonsai Tree,49.99,,878.0,325,https://www.lego.com/en-us/product/bonsai-tree-10281,2023-04-23
10283,LEGO® Icons,NASA Space Shuttle Discovery,199.99,4.7,2354.0,1300,https://www.lego.com/en-us/product/nasa-space-shuttle-discovery-10283,2023-04-23
10284,LEGO® Icons,Camp Nou – FC Barcelona,349.99,4.2,5509.0,1365,https://www.lego.com/en-us/product/camp-nou-fc-barcelona-10284,2023-04-23
10289,LEGO® Icons,Bird of Paradise,99.99,4.6,1173.0,650,https://www.lego.com/en-us/product/tbd-lifestyle-3-2021-10289,2023-04-23
10290,LEGO® Icons,Pickup Truck,129.99,4.2,1677.0,845,https://www.lego.com/en-us/product/tbd-vehicle-2021-10290,2023-04-23
10291,LEGO® Icons,Queer Eye – The Fab 5 Loft,99.99,4.1,974.0,390,https://www.lego.com/en-us/product/tdb-ip-entertainment-2021-10291,2023-04-23
10292,LEGO® Icons,The Friends Apartments,179.99,4.7,2048.0,1170,https://www.lego.com/en-us/product/the-friends-apartments-10292,2023-04-23
10293,LEGO® Icons,Santa’s Visit,99.99,4.7,1445.0,650,https://www.lego.com/en-us/product/santa-s-visit-10293,2023-04-23
10294,LEGO® Icons,LEGO® Titanic,679.99,4.7,9090.0,4420,https://www.lego.com/en-us/product/lego-titanic-10294,2023-04-23
10295,LEGO® Icons,Porsche 911,169.99,4.5,1458.0,1105,https://www.lego.com/en-us/product/porsche-911-10295,2023-04-23
10297,LEGO® Icons,Boutique Hotel,229.99,4.7,3066.0,1495,https://www.lego.com/en-us/product/boutique-hotel-10297,2023-04-23
10298,LEGO® Icons,Vespa 125,99.99,4.1,1107.0,650,https://www.lego.com/en-us/product/tbd-icons-ip-vehicle-1-2022-10298,2023-04-23
10299,LEGO® Icons,Real Madrid – Santiago Bernabéu Stadium,399.99,4.9,5876.0,2600,https://www.lego.com/en-us/product/real-madrid-santiago-bernabeu-stadium-10299,2023-04-23
10300,LEGO® Icons,Back to the Future Time Machine,199.99,4.5,1872.0,1300,https://www.lego.com/en-us/product/back-to-the-future-time-machine-10300,2023-04-23
10302,LEGO® Icons,Optimus Prime,179.99,,1508.0,1170,https://www.lego.com/en-us/product/optimus-prime-10302,2023-04-23
10303,LEGO® Icons,Loop Coaster,399.99,3.7,3756.0,2600,https://www.lego.com/en-us/product/loop-coaster-building-kit-10303,2023-04-23
10304,LEGO® Icons,Chevrolet Camaro Z28,169.99,4.3,1456.0,1105,https://www.lego.com/en-us/product/chevrolet-camaro-z28-10304,2023-04-23
10305,LEGO® Icons,Lion Knights' Castle,399.99,,4514.0,2600,https://www.lego.com/en-us/product/lion-knights-castle-10305,2023-04-23
10306,LEGO® Icons,Atari® 2600,239.99,4.6,2532.0,1560,https://www.lego.com/en-us/product/atari-2600-10306,2023-04-23
10307,LEGO® Icons,Eiffel tower,629.99,4.3,10001.0,4095,https://www.lego.com/en-us/product/eiffel-tower-10307,2023-04-23
10308,LEGO® Icons,Holiday Main Street,99.99,,1514.0,650,https://www.lego.com/en-us/product/holiday-main-street-10308,2023-04-23
10309,LEGO® Icons,Succulents,49.99,4.7,771.0,325,https://www.lego.com/en-us/product/tbd-icon-mdp1-2022-10309,2023-04-23
10311,LEGO® Icons,Orchid,49.99,4.8,608.0,325,https://www.lego.com/en-us/product/tbd-icon-lifestyle-10311,2023-04-23
10312,LEGO® Icons,Jazz Club,229.99,4.1,2899.0,1495,https://www.lego.com/en-us/product/jazz-club-10312,2023-04-23
10313,LEGO® Icons,Wildflower Bouquet,59.99,,939.0,390,https://www.lego.com/en-us/product/wildflower-bouquet-10313,2023-04-23
10314,LEGO® Icons,Dried Flower Centerpiece,49.99,4.8,812.0,325,https://www.lego.com/en-us/product/dried-flower-centerpiece-10314,2023-04-23
10316,Lord of the Rings™,THE LORD OF THE RINGS: RIVENDELL™,499.99,4.9,6167.0,3250,https://www.lego.com/en-us/product/lotr-10316,2023-04-23
10317,LEGO® Icons,Land Rover Classic Defender 90,239.99,4.4,2336.0,1560,https://www.lego.com/en-us/product/land-rover-classic-defender-90-10317,2023-04-23
10411,DUPLO®,Learn About Chinese Culture,69.99,4.8,124.0,455,https://www.lego.com/en-us/product/tbd-town-2023-china-10411,2023-04-23
10497,LEGO® Icons,Galaxy Explorer,99.99,4.8,1254.0,650,https://www.lego.com/en-us/product/tbd-icon-mdp2-2022-10497,2023-04-23
10692,Classic,LEGO® Creative Bricks,16.99,4.1,221.0,88,https://www.lego.com/en-us/product/lego-creative-bricks-10692,2023-04-23
10696,Classic,LEGO® Medium Creative Brick Box,34.99,,484.0,227,https://www.lego.com/en-us/product/lego-medium-creative-brick-box-10696,2023-04-23
10698,Classic,LEGO® Large Creative Brick Box,59.99,4.8,790.0,390,https://www.lego.com/en-us/product/lego-large-creative-brick-box-10698,2023-04-23
10713,Classic,Creative Suitcase,19.99,,213.0,130,https://www.lego.com/en-us/product/creative-suitcase-10713,2023-04-23
10776,Disney™,Mickey & Friends Fire Truck & Station,39.99,4.9,144.0,208,https://www.lego.com/en-us/product/mickey--friends-fire-truck--station-10776,2023-04-23
10781,Spider-Man,Miles Morales: Spider-Man’s Techno Trike,9.99,4.8,59.0,65,https://www.lego.com/en-us/product/miles-morales-spider-mans-techno-trike-10781,2023-04-23
10782,Spider-Man,Hulk vs. Rhino Truck Showdown,19.99,4.8,110.0,130,https://www.lego.com/en-us/product/hulk-vs-rhino-truck-showdown-10782,2023-04-23
10784,Spider-Man,Spider-Man Webquarters Hangout,49.99,4.7,155.0,325,https://www.lego.com/en-us/product/spider-man-webquarters-hangout-10784,2023-04-23
10789,Spider-Man,Spider-Man's Car and Doc Ock,9.99,5.0,48.0,65,https://www.lego.com/en-us/product/spider-mans-car-and-doc-ock-10789,2023-04-23
10791,Spider-Man,Team Spidey's Mobile Headquarters,49.99,5.0,187.0,325,https://www.lego.com/en-us/product/team-spideys-mobile-headquarters-10791,2023-04-23
10872,DUPLO®,Train Bridge and Tracks,24.99,3.7,26.0,162,https://www.lego.com/en-us/product/train-bridge-and-tracks-10872,2023-04-23
10874,DUPLO®,Steam Train,64.99,4.2,59.0,422,https://www.lego.com/en-us/product/steam-train-10874,2023-04-23
10875,DUPLO®,Cargo Train,129.99,4.6,105.0,845,https://www.lego.com/en-us/product/cargo-train-10875,2023-04-23
10882,DUPLO®,Train Tracks,19.99,,23.0,130,https://www.lego.com/en-us/product/train-tracks-10882,2023-04-23
10899,Disney™,Frozen Ice Castle,49.99,4.4,59.0,325,https://www.lego.com/en-us/product/frozen-ice-castle-10899,2023-04-23
10909,DUPLO®,Heart Box,19.99,,80.0,130,https://www.lego.com/en-us/product/heart-box-10909,2023-04-23
10913,DUPLO®,Brick Box,29.99,4.8,65.0,195,https://www.lego.com/en-us/product/brick-box-10913,2023-04-23
10914,DUPLO®,Deluxe Brick Box,49.99,,85.0,325,https://www.lego.com/en-us/product/deluxe-brick-box-10914,2023-04-23
10930,DUPLO®,Bulldozer,9.99,4.8,10.0,65,https://www.lego.com/en-us/product/bulldozer-10930,2023-04-23
10931,DUPLO®,Truck & Tracked Excavator,19.99,4.1,20.0,130,https://www.lego.com/en-us/product/truck--tracked-excavator-10931,2023-04-23
10935,DUPLO®,Alphabet Town,49.99,4.9,87.0,325,https://www.lego.com/en-us/product/alphabet-town-10935,2023-04-23
10938,DUPLO®,Dinosaur Nursery,19.99,4.9,27.0,130,https://www.lego.com/en-us/product/dinosaur-nursery-10938,2023-04-23
10939,Jurassic World™,T. rex and Triceratops Dinosaur Breakout,29.99,4.8,36.0,156,https://www.lego.com/en-us/product/t-rex-and-triceratops-dinosaur-breakout-10939,2023-04-23
10941,DUPLO®,Mickey & Minnie Birthday Train,29.99,,22.0,195,https://www.lego.com/en-us/product/mickey--minnie-birthday-train-10941,2023-04-23
10944,DUPLO®,Space Shuttle Mission,19.99,4.7,23.0,130,https://www.lego.com/en-us/product/space-shuttle-mission-10944,2023-04-23
10945,DUPLO®,Garbage Truck and Recycling,19.99,4.8,19.0,104,https://www.lego.com/en-us/product/garbage-truck-and-recycling-10945,2023-04-23
10948,DUPLO®,Parking Garage and Car Wash,99.99,4.9,112.0,650,https://www.lego.com/en-us/product/parking-garage-and-car-wash-10948,2023-04-23
10949,DUPLO®,Farm Animal Care,9.99,,11.0,65,https://www.lego.com/en-us/product/farm-animal-care-10949,2023-04-23
10954,DUPLO®,Number Train - Learn To Count,19.99,4.9,23.0,130,https://www.lego.com/en-us/product/number-train---learn-to-count-10954,2023-04-23
10955,DUPLO®,Animal Train,19.99,4.9,15.0,130,https://www.lego.com/en-us/product/animal-train-10955,2023-04-23
10956,DUPLO®,Amusement Park,109.99,4.9,95.0,715,https://www.lego.com/en-us/product/amusement-park-10956,2023-04-23
10959,DUPLO®,Police Station & Helicopter,49.99,,40.0,325,https://www.lego.com/en-us/product/police-station--helicopter-10959,2023-04-23
10960,Disney™,Belle's Ballroom,19.99,4.9,23.0,130,https://www.lego.com/en-us/product/belles-ballroom-10960,2023-04-23
10962,Disney and Pixar’s Lightyear,Buzz Lightyear’s Planetary Mission,29.99,4.9,37.0,195,https://www.lego.com/en-us/product/tbd-duplo-ip-4-2022-10962,2023-04-23
10963,DUPLO®,Spider-Man & Friends: Funfair Adventure,59.99,,41.0,390,https://www.lego.com/en-us/product/spider-man--friends-funfair-adventure-10963,2023-04-23
10964,DUPLO®,Bath Time Fun: Floating Red Panda,9.99,,5.0,65,https://www.lego.com/en-us/product/bath-time-fun-floating-red-panda-10964,2023-04-23
10965,DUPLO®,Bath Time Fun: Floating Animal Train,19.99,4.6,14.0,130,https://www.lego.com/en-us/product/bath-time-fun-floating-animal-train-10965,2023-04-23
10966,DUPLO®,Bath Time Fun: Floating Animal Island,44.99,4.8,20.0,292,https://www.lego.com/en-us/product/bath-time-fun-floating-animal-island-10966,2023-04-23
10967,DUPLO®,Police Motorcycle,9.99,4.9,5.0,65,https://www.lego.com/en-us/product/police-motorcycle-10967,2023-04-23
10968,DUPLO®,Doctor Visit,19.99,4.9,34.0,130,https://www.lego.com/en-us/product/doctor-visit-10968,2023-04-23
10969,DUPLO®,Fire Truck,29.99,4.9,21.0,195,https://www.lego.com/en-us/product/fire-truck-10969,2023-04-23
10970,DUPLO®,Fire Station & Helicopter,89.99,4.8,117.0,585,https://www.lego.com/en-us/product/fire-station--helicopter-10970,2023-04-23
10971,DUPLO®,Wild Animals of Africa,9.99,3.0,10.0,65,https://www.lego.com/en-us/product/wild-animals-of-africa-10971,2023-04-23
10972,DUPLO®,Wild Animals of the Ocean,19.99,4.9,32.0,130,https://www.lego.com/en-us/product/wild-animals-of-the-ocean-10972,2023-04-23
10973,DUPLO®,Wild Animals of South America,54.99,4.9,71.0,357,https://www.lego.com/en-us/product/wild-animals-of-south-america-10973,2023-04-23
10974,DUPLO®,Wild Animals of Asia,99.99,,116.0,650,https://www.lego.com/en-us/product/wild-animals-of-asia-10974,2023-04-23
10975,DUPLO®,Wild Animals of the World,129.99,4.8,141.0,845,https://www.lego.com/en-us/product/wild-animals-of-the-world-10975,2023-04-23
10976,DUPLO®,Santa's Gingerbread House,34.99,4.0,50.0,227,https://www.lego.com/en-us/product/santas-gingerbread-house-10976,2023-04-23
10977,DUPLO®,My First Puppy & Kitten With Sounds,44.99,,22.0,292,https://www.lego.com/en-us/product/my-first-puppy--kitten-with-sounds-10977,2023-04-23
10978,DUPLO®,Creative Building Time,44.99,4.8,120.0,292,https://www.lego.com/en-us/product/creative-building-time-10978,2023-04-23
10979,DUPLO®,Wild Animals of Europe,69.99,,85.0,455,https://www.lego.com/en-us/product/wild-animals-of-europe-10979,2023-04-23
10980,DUPLO®,LEGO® DUPLO® Green Building Plate,14.99,5.0,1.0,97,https://www.lego.com/en-us/product/lego-duplo-green-building-plate-10980,2023-04-23
10981,DUPLO®,Growing Carrot,9.99,,11.0,65,https://www.lego.com/en-us/product/growing-carrot-10981,2023-04-23
10982,DUPLO®,Fruit and Vegetable Tractor,19.99,4.6,19.0,130,https://www.lego.com/en-us/product/fruit-and-vegetable-tractor-10982,2023-04-23
10983,DUPLO®,Organic Market,29.99,,40.0,195,https://www.lego.com/en-us/product/organic-market-10983,2023-04-23
10984,DUPLO®,Organic Garden,44.99,4.7,43.0,292,https://www.lego.com/en-us/product/organic-garden-10984,2023-04-23
10985,DUPLO®,Wind Turbine and Electric Car,9.99,,16.0,65,https://www.lego.com/en-us/product/wind-turbine-and-electric-car-10985,2023-04-23
10986,DUPLO®,Family House on Wheels,19.99,4.8,31.0,130,https://www.lego.com/en-us/product/family-house-on-wheels-10986,2023-04-23
10990,DUPLO®,Construction Site,64.99,4.8,61.0,422,https://www.lego.com/en-us/product/construction-site-10990,2023-04-23
10993,DUPLO®,3in1 Tree House,89.99,,126.0,585,https://www.lego.com/en-us/product/3in1-tree-house-10993,2023-04-23
10995,Spider-Man,Spider-Man's House,19.99,4.9,25.0,130,https://www.lego.com/en-us/product/spider-mans-house-10995,2023-04-23
10996,Disney™,Lightning McQueen & Mater's Car Wash Fun,29.99,4.9,29.0,195,https://www.lego.com/en-us/product/lightning-mcqueen--maters-car-wash-fun-10996,2023-04-23
10998,Disney™,3in1 Magical Castle,99.99,4.0,160.0,650,https://www.lego.com/en-us/product/3in1-magical-castle-10998,2023-04-23
11013,Classic,Creative Transparent Bricks,29.99,4.4,500.0,195,https://www.lego.com/en-us/product/creative-transparent-bricks-11013,2023-04-23
11014,Classic,Bricks and Wheels,39.99,4.8,653.0,260,https://www.lego.com/en-us/product/bricks-and-wheels-11014,2023-04-23
11015,Classic,Around the World,49.99,4.9,950.0,325,https://www.lego.com/en-us/product/around-the-world-11015,2023-04-23
11017,Classic,Creative Monsters,9.99,4.9,140.0,65,https://www.lego.com/en-us/product/creative-monsters-11017,2023-04-23
11018,Classic,Creative Ocean Fun,19.99,4.9,333.0,130,https://www.lego.com/en-us/product/creative-ocean-fun-11018,2023-04-23
11019,Classic,Bricks and Functions,29.99,4.9,500.0,195,https://www.lego.com/en-us/product/bricks-and-functions-11019,2023-04-23
11020,Classic,Build Together,99.99,4.8,1601.0,650,https://www.lego.com/en-us/product/build-together-11020,2023-04-23
11021,Classic,90 Years of Play,49.99,4.9,1100.0,325,https://www.lego.com/en-us/product/90-years-of-play-11021,2023-04-23
11022,Classic,Space Mission,69.99,4.0,1700.0,455,https://www.lego.com/en-us/product/space-mission-11022,2023-04-23
11024,Classic,Gray Baseplate,14.99,4.5,1.0,97,https://www.lego.com/en-us/product/gray-baseplate-11024,2023-04-23
11025,Classic,Blue Baseplate,7.99,,1.0,52,https://www.lego.com/en-us/product/blue-baseplate-11025,2023-04-23
11026,Classic,White Baseplate,7.99,4.3,1.0,52,https://www.lego.com/en-us/product/white-baseplate-11026,2023-04-23
11027,Classic,Creative Neon Fun,19.99,4.9,333.0,130,https://www.lego.com/en-us/product/creative-neon-fun-11027,2023-04-23
11028,Classic,Creative Pastel Fun,19.99,4.8,333.0,130,https://www.lego.com/en-us/product/creative-pastel-fun-11028,2023-04-23
11029,Classic,Creative Party Box,49.99,5.0,900.0,325,https://www.lego.com/en-us/product/creative-party-box-11029,2023-04-23
11030,Classic,Lots of Bricks,59.99,4.9,1000.0,390,https://www.lego.com/en-us/product/lots-of-bricks-11030,2023-04-23
11031,Classic,Creative Monkey Fun,9.99,5.0,135.0,65,https://www.lego.com/en-us/product/creative-monkey-fun-11031,2023-04-23
11033,Classic,Creative Fantasy Universe,89.99,,1800.0,585,https://www.lego.com/en-us/product/creative-fantasy-universe-11033,2023-04-23
21028,Architecture,New York City,59.99,4.3,598.0,390,https://www.lego.com/en-us/product/new-york-city-21028,2023-04-23
21034,Architecture,London,39.99,4.6,468.0,260,https://www.lego.com/en-us/product/london-21034,2023-04-23
21042,Architecture,Statue of Liberty,119.99,4.6,1685.0,780,https://www.lego.com/en-us/product/statue-of-liberty-21042,2023-04-23
21044,Architecture,Paris,49.99,4.4,649.0,325,https://www.lego.com/en-us/product/paris-21044,2023-04-23
21054,Architecture,The White House,99.99,4.7,1483.0,650,https://www.lego.com/en-us/product/the-white-house-21054,2023-04-23
21056,Architecture,Taj Mahal,119.99,4.7,2022.0,780,https://www.lego.com/en-us/product/taj-mahal-21056,2023-04-23
21057,Architecture,Singapore,59.99,4.4,827.0,390,https://www.lego.com/en-us/product/singapore-21057,2023-04-23
21058,Architecture,Great Pyramid of Giza,129.99,,1476.0,845,https://www.lego.com/en-us/product/great-pyramid-of-giza-21058,2023-04-23
21164,Minecraft®,The Coral Reef,9.99,4.9,92.0,65,https://www.lego.com/en-us/product/the-coral-reef-21164,2023-04-23
21166,Minecraft®,"The ""Abandoned"" Mine",19.99,4.9,248.0,130,https://www.lego.com/en-us/product/the-abandoned-mine-21166,2023-04-23
21170,Minecraft®,The Pig House,49.99,4.6,490.0,325,https://www.lego.com/en-us/product/the-pig-house-21170,2023-04-23
21172,Minecraft®,The Ruined Portal,29.99,4.5,316.0,195,https://www.lego.com/en-us/product/the-ruined-portal-21172,2023-04-23
21177,Minecraft®,The Creeper™ Ambush,9.99,,72.0,65,https://www.lego.com/en-us/product/tbd-minecraft-dessert-2022-21177,2023-04-23
21178,Minecraft®,The Fox Lodge,19.99,4.9,193.0,130,https://www.lego.com/en-us/product/tbd-minecraft-fox-2022-21178,2023-04-23
21179,Minecraft®,The Mushroom House,24.99,4.9,272.0,162,https://www.lego.com/en-us/product/tbd-minecraft-mushroom-2022-21179,2023-04-23
21180,Minecraft®,The Guardian Battle,24.99,5.0,255.0,162,https://www.lego.com/en-us/product/tbd-minecraft-underwater-2022-21180,2023-04-23
21181,Minecraft®,The Rabbit Ranch,34.99,4.9,340.0,227,https://www.lego.com/en-us/product/the-rabbit-ranch-21181,2023-04-23
21183,Minecraft®,The Training Grounds,79.99,,534.0,520,https://www.lego.com/en-us/product/the-training-grounds-21183,2023-04-23
21184,Minecraft®,The Bakery,24.99,4.5,154.0,162,https://www.lego.com/en-us/product/tbd-minecraft-bakery-2022-21184,2023-04-23
21185,Minecraft®,The Nether Bastion,34.99,4.7,300.0,227,https://www.lego.com/en-us/product/tbd-minecraft-nether-2022-21185,2023-04-23
21186,Minecraft®,The Ice Castle,49.99,4.7,499.0,325,https://www.lego.com/en-us/product/tbd-minecraft-ice-castle-2022-21186,2023-04-23
21187,Minecraft®,The Red Barn,99.99,4.9,799.0,650,https://www.lego.com/en-us/product/tbd-minecraft-barn-2022-21187,2023-04-23
21188,Minecraft®,The Llama Village,129.99,4.7,1252.0,845,https://www.lego.com/en-us/product/tbd-minecraft-llama-2022-21188,2023-04-23
21189,Minecraft®,The Skeleton Dungeon,34.99,5.0,364.0,227,https://www.lego.com/en-us/product/the-skeleton-dungeon-21189,2023-04-23
21190,Minecraft®,The Abandoned Village,44.99,4.3,422.0,292,https://www.lego.com/en-us/product/the-abandoned-village-21190,2023-04-23
21240,Minecraft®,The Swamp Adventure,9.99,5.0,65.0,65,https://www.lego.com/en-us/product/the-swamp-adventure-21240,2023-04-23
21241,Minecraft®,The Bee Cottage,24.99,4.9,254.0,162,https://www.lego.com/en-us/product/the-bee-cottage-21241,2023-04-23
21242,Minecraft®,The End Arena,24.99,4.8,252.0,162,https://www.lego.com/en-us/product/the-end-arena-21242,2023-04-23
21243,Minecraft®,The Frozen Peaks,34.99,4.7,304.0,227,https://www.lego.com/en-us/product/the-frozen-peaks-21243,2023-04-23
21244,Minecraft®,The Sword Outpost,44.99,4.8,427.0,292,https://www.lego.com/en-us/product/the-sword-outpost-21244,2023-04-23
21245,Minecraft®,The Panda Haven,49.99,4.9,553.0,325,https://www.lego.com/en-us/product/the-panda-haven-21245,2023-04-23
21246,Minecraft®,The Deep Dark Battle,64.99,,584.0,422,https://www.lego.com/en-us/product/the-deep-dark-battle-21246,2023-04-23
21318,Ideas,Tree House,249.99,4.7,3036.0,1625,https://www.lego.com/en-us/product/tree-house-21318,2023-04-23
21319,Ideas,Central Perk,59.99,,1070.0,312,https://www.lego.com/en-us/product/central-perk-21319,2023-04-23
21321,Ideas,International Space Station,69.99,4.5,864.0,364,https://www.lego.com/en-us/product/international-space-station-21321,2023-04-23
21323,Ideas,Grand Piano,399.99,4.4,3662.0,2600,https://www.lego.com/en-us/product/grand-piano-21323,2023-04-23
21325,Ideas,Medieval Blacksmith,179.99,,2164.0,1170,https://www.lego.com/en-us/product/tbd-ideas-1-21325,2023-04-23
21326,Ideas,Winnie the Pooh,99.99,,1265.0,650,https://www.lego.com/en-us/product/winnie-the-pooh-21326,2023-04-23
21327,Ideas,Typewriter,249.99,4.4,2079.0,1625,https://www.lego.com/en-us/product/typewriter-21327,2023-04-23
21328,Ideas,Seinfeld,79.99,4.8,1326.0,442,https://www.lego.com/en-us/product/seinfeld-21328,2023-04-23
21329,Ideas,LEGO® Ideas Fender® Stratocaster™,119.99,4.4,1074.0,780,https://www.lego.com/en-us/product/lego-ideas-fender-stratocaster-21329,2023-04-23
21330,Ideas,LEGO® Ideas Home Alone,299.99,4.8,3955.0,1950,https://www.lego.com/en-us/product/lego-ideas-home-alone-21330,2023-04-23
21331,Ideas,Sonic the Hedgehog™ – Green Hill Zone,79.99,4.6,1125.0,520,https://www.lego.com/en-us/product/lego-ideas-sonic-the-hedgehog-green-hill-zone-21331,2023-04-23
21332,Ideas,The Globe,229.99,4.5,2585.0,1495,https://www.lego.com/en-us/product/the-globe-21332,2023-04-23
21333,Ideas,Vincent van Gogh - The Starry Night,169.99,4.8,2316.0,1105,https://www.lego.com/en-us/product/vincent-van-gogh-the-starry-night-21333,2023-04-23
21334,Ideas,Jazz Quartet,99.99,4.7,1606.0,650,https://www.lego.com/en-us/product/jazz-quartet-21334,2023-04-23
21335,Ideas,Motorized Lighthouse,299.99,4.4,2065.0,1950,https://www.lego.com/en-us/product/motorized-lighthouse-21335,2023-04-23
21336,Ideas,The Office,119.99,4.5,1164.0,780,https://www.lego.com/en-us/product/tbd-ideas-6-2022-21336,2023-04-23
21337,Ideas,Table Football,249.99,3.6,2339.0,1625,https://www.lego.com/en-us/product/table-football-21337,2023-04-23
21338,Ideas,A-Frame Cabin,179.99,4.8,2082.0,1170,https://www.lego.com/en-us/product/a-frame-cabin-21338,2023-04-23
21339,Ideas,BTS Dynamite,99.99,4.6,749.0,650,https://www.lego.com/en-us/product/bts-dynamite-21339,2023-04-23
21340,Ideas,Tales of the Space Age,49.99,,688.0,325,https://www.lego.com/en-us/product/tales-of-the-space-age-21340,2023-04-23
31058,Creator 3-in-1,Mighty Dinosaurs,14.99,4.6,174.0,97,https://www.lego.com/en-us/product/mighty-dinosaurs-31058,2023-04-23
31088,Creator 3-in-1,Deep Sea Creatures,14.99,5.0,230.0,97,https://www.lego.com/en-us/product/deep-sea-creatures-31088,2023-04-23
31109,Creator 3-in-1,Pirate Ship,119.99,4.8,1264.0,780,https://www.lego.com/en-us/product/pirate-ship-31109,2023-04-23
31111,Creator 3-in-1,Cyber Drone,9.99,4.9,113.0,65,https://www.lego.com/en-us/product/cyber-drone-31111,2023-04-23
31113,Creator 3-in-1,Race Car Transporter,19.99,,328.0,104,https://www.lego.com/en-us/product/race-car-transporter-31113,2023-04-23
31118,Creator 3-in-1,Surfer Beach House,49.99,4.8,564.0,325,https://www.lego.com/en-us/product/surfer-beach-house-31118,2023-04-23
31120,Creator 3-in-1,Medieval Castle,99.99,4.5,1426.0,650,https://www.lego.com/en-us/product/medieval-castle-31120,2023-04-23
31122,Creator 3-in-1,Fish Tank,29.99,4.6,352.0,156,https://www.lego.com/en-us/product/fish-tank-31122,2023-04-23
31123,Creator 3-in-1,Off-road Buggy,14.99,4.9,160.0,97,https://www.lego.com/en-us/product/off-road-buggy-31123,2023-04-23
31124,Creator 3-in-1,Super Robot,9.99,4.9,159.0,65,https://www.lego.com/en-us/product/super-robot-31124,2023-04-23
31125,Creator 3-in-1,Fantasy Forest Creatures,14.99,4.8,175.0,97,https://www.lego.com/en-us/product/fantasy-forest-creatures-31125,2023-04-23
31126,Creator 3-in-1,Supersonic-jet,19.99,4.9,215.0,130,https://www.lego.com/en-us/product/supersonic-jet-31126,2023-04-23
31127,Creator 3-in-1,Street Racer,19.99,4.9,258.0,130,https://www.lego.com/en-us/product/street-racer-31127,2023-04-23
31128,Creator 3-in-1,Dolphin and Turtle,9.99,4.5,137.0,65,https://www.lego.com/en-us/product/dolphin-and-turtle-31128,2023-04-23
31129,Creator 3-in-1,Majestic Tiger,49.99,4.8,755.0,325,https://www.lego.com/en-us/product/majestic-tiger-31129,2023-04-23
31130,Creator 3-in-1,Sunken Treasure Mission,34.99,4.3,522.0,227,https://www.lego.com/en-us/product/sunken-treasure-mission-31130,2023-04-23
31131,Creator 3-in-1,Downtown Noodle Shop,44.99,4.5,569.0,292,https://www.lego.com/en-us/product/downtown-noodle-shop-31131,2023-04-23
31132,Creator 3-in-1,Viking Ship and the Midgard Serpent,119.99,,1192.0,780,https://www.lego.com/en-us/product/viking-ship-and-the-midgard-serpent-31132,2023-04-23
31133,Creator 3-in-1,White Rabbit,19.99,4.7,258.0,130,https://www.lego.com/en-us/product/white-rabbit-31133,2023-04-23
31134,Creator 3-in-1,Space Shuttle,9.99,,144.0,65,https://www.lego.com/en-us/product/space-shuttle-31134,2023-04-23
31135,Creator 3-in-1,Vintage Motorcycle,14.99,4.9,128.0,97,https://www.lego.com/en-us/product/vintage-motorcycle-31135,2023-04-23
31136,Creator 3-in-1,Exotic Parrot,19.99,4.8,253.0,130,https://www.lego.com/en-us/product/exotic-parrot-31136,2023-04-23
31137,Creator 3-in-1,Adorable Dogs,29.99,4.9,475.0,195,https://www.lego.com/en-us/product/adorable-dogs-31137,2023-04-23
31138,Creator 3-in-1,Beach Camper Van,49.99,,556.0,325,https://www.lego.com/en-us/product/beach-camper-van-31138,2023-04-23
31139,Creator 3-in-1,Cozy House,59.99,4.9,808.0,390,https://www.lego.com/en-us/product/cozy-house-31139,2023-04-23
31140,Creator 3-in-1,Magical Unicorn,9.99,4.8,145.0,65,https://www.lego.com/en-us/product/magical-unicorn-31140,2023-04-23
31143,Creator 3-in-1,Birdhouse,29.99,4.8,476.0,195,https://www.lego.com/en-us/product/birdhouse-31143,2023-04-23
31203,Art,World Map,249.99,4.4,11695.0,1625,https://www.lego.com/en-us/product/world-map-31203,2023-04-23
31205,Art,Jim Lee Batman™ Collection,119.99,4.8,4167.0,780,https://www.lego.com/en-us/product/jim-lee-batman-collection-31205,2023-04-23
31206,Art,The Rolling Stones,149.99,3.5,1998.0,975,https://www.lego.com/en-us/product/the-rolling-stones-31206,2023-04-23
31207,Art,Floral Art,79.99,4.4,2870.0,520,https://www.lego.com/en-us/product/floral-art-31207,2023-04-23
31208,Art,Hokusai – The Great Wave,99.99,4.7,1810.0,650,https://www.lego.com/en-us/product/hokusai--the-great-wave-31208,2023-04-23
40220,Creator Expert,LEGO® London Bus,9.99,4.8,118.0,65,https://www.lego.com/en-us/product/london-bus-40220,2023-04-23
40269,DUPLO®,DUPLO Photo Frame,5.99,5.0,9.0,31,https://www.lego.com/en-us/product/duplo-photo-frame-40269,2023-04-23
40348,BrickHeadz,Birthday Clown,9.99,4.5,150.0,52,https://www.lego.com/en-us/product/birthday-clown-40348,2023-04-23
40367,BrickHeadz,Lady Liberty,9.99,,153.0,65,https://www.lego.com/en-us/product/lady-liberty-40367,2023-04-23
40377,BrickHeadz,Donald Duck,9.99,4.9,90.0,65,https://www.lego.com/en-us/product/donald-duck-40377,2023-04-23
40378,BrickHeadz,Goofy & Pluto,14.99,4.8,214.0,97,https://www.lego.com/en-us/product/goofy--pluto-40378,2023-04-23
40383,BrickHeadz,Wedding Bride,12.99,4.4,306.0,59,https://www.lego.com/en-us/product/wedding-bride-40383,2023-04-23
40384,BrickHeadz,Wedding Groom,12.99,4.6,255.0,59,https://www.lego.com/en-us/product/wedding-groom-40384,2023-04-23
40420,BrickHeadz,"Gru, Stuart and Otto",19.99,,244.0,104,https://www.lego.com/en-us/product/tbd-conf-bh-ip-2-and-buddies-1-40420,2023-04-23
40440,BrickHeadz,German Shepherd,14.99,,247.0,68,https://www.lego.com/en-us/product/german-shepherd-40440,2023-04-23
40441,BrickHeadz,Shorthair Cats,14.99,,250.0,68,https://www.lego.com/en-us/product/shorthair-cats-40441,2023-04-23
40442,BrickHeadz,Goldfish,14.99,4.8,186.0,68,https://www.lego.com/en-us/product/goldfish-40442,2023-04-23
40443,BrickHeadz,Budgie,14.99,,261.0,68,https://www.lego.com/en-us/product/budgie-40443,2023-04-23
40454,Spider-Man,Spider-Man versus Venom and Iron Venom,14.99,4.7,63.0,78,https://www.lego.com/en-us/product/tbd-mf-set-2021-co-creation02-pmd-40454,2023-04-23
40456,Disney™,Mickey Mouse,16.99,,118.0,88,https://www.lego.com/en-us/product/mickey-mouse-40456,2023-04-23
40457,Disney™,Minnie Mouse,16.99,4.8,140.0,88,https://www.lego.com/en-us/product/minnie-mouse-40457,2023-04-23
40466,BrickHeadz,Chinese New Year Pandas,19.99,,249.0,91,https://www.lego.com/en-us/product/chinese-new-year-pandas-40466,2023-04-23
40476,BrickHeadz,Daisy Duck,9.99,4.7,110.0,65,https://www.lego.com/en-us/product/daisy-duck-40476,2023-04-23
40477,BrickHeadz,"Scrooge McDuck, Huey, Dewey & Louie",24.99,,340.0,162,https://www.lego.com/en-us/product/scrooge-mcduck-huey-dewey--louie-40477,2023-04-23
40478,Disney™,Mini Disney Castle,39.99,,567.0,260,https://www.lego.com/en-us/product/mini-disney-castle-40478,2023-04-23
40479,BrickHeadz,Dalmatian,14.99,,252.0,68,https://www.lego.com/en-us/product/dalmatian-40479,2023-04-23
40495,BrickHeadz,"Harry, Hermione, Ron & Hagrid™",24.99,4.8,466.0,162,https://www.lego.com/en-us/product/harry-hermione-ron--hagrid-40495,2023-04-23
40496,BrickHeadz,"Voldemort™, Nagini & Bellatrix",24.99,,344.0,130,https://www.lego.com/en-us/product/voldemort-nagini--bellatrix-40496,2023-04-23
40518,Creator Expert,High-Speed Train,19.99,,284.0,130,https://www.lego.com/en-us/product/high-speed-train-40518,2023-04-23
40521,Disney™,Mini Disney The Haunted Mansion,39.99,,680.0,260,https://www.lego.com/en-us/product/mini-disney-the-haunted-mansion-40521,2023-04-23
40525,Marvel,Endgame Battle,14.99,4.5,62.0,78,https://www.lego.com/en-us/product/tbd-lel-infinity-saga-40525,2023-04-23
40526,City,Electric Scooters & Charging Dock,12.99,4.6,50.0,68,https://www.lego.com/en-us/product/electric-scooters--charging-dock-40526,2023-04-23
40535,Brick Sketches™,Iron Man,16.99,,200.0,66,https://www.lego.com/en-us/product/iron-man-40535,2023-04-23
40536,Spider-Man,Miles Morales,16.99,4.9,214.0,77,https://www.lego.com/en-us/product/miles-morales-40536,2023-04-23
40539,Star Wars™,Ahsoka Tano™,9.99,4.9,164.0,65,https://www.lego.com/en-us/product/ahsoka-tano-40539,2023-04-23
40540,BrickHeadz,Lion Dance Guy,9.99,,239.0,65,https://www.lego.com/en-us/product/lion-dance-guy-40540,2023-04-23
40541,BrickHeadz,Manchester United Go Brick Me,19.99,,530.0,130,https://www.lego.com/en-us/product/conf-sport-1-40541,2023-04-23
40542,BrickHeadz,FC Barcelona Go Brick Me,19.99,,530.0,130,https://www.lego.com/en-us/product/conf-sport-2-40542,2023-04-23
40543,BrickHeadz,St. Bernard,14.99,4.8,236.0,68,https://www.lego.com/en-us/product/pets---st-bernard-40543,2023-04-23
40544,BrickHeadz,Pets - French Bulldog,14.99,4.8,237.0,68,https://www.lego.com/en-us/product/pets---french-bulldog-40544,2023-04-23
40545,BrickHeadz,Koi Fish,14.99,5.0,203.0,68,https://www.lego.com/en-us/product/koi-fish-40545,2023-04-23
40546,BrickHeadz,Poodle,14.99,5.0,304.0,68,https://www.lego.com/en-us/product/poodle-40546,2023-04-23
40547,BrickHeadz,Obi-Wan Kenobi™ & Darth Vader™,19.99,4.6,260.0,130,https://www.lego.com/en-us/product/tbd-sw2-40547,2023-04-23
40548,BrickHeadz,Spice Girls Tribute,49.99,4.8,578.0,195,https://www.lego.com/en-us/product/spice-girls-tribute-40548,2023-04-23
40550,Disney™,Chip & Dale,19.99,4.8,226.0,130,https://www.lego.com/en-us/product/tbd-disney-1-40550,2023-04-23
40552,BrickHeadz,Buzz Lightyear,9.99,4.8,114.0,52,https://www.lego.com/en-us/product/confts1-40552,2023-04-23
40553,Disney™,Woody and Bo Peep,19.99,4.9,296.0,130,https://www.lego.com/en-us/product/confts2-40553,2023-04-23
40554,BrickHeadz,Jake Sully & his Avatar,19.99,,246.0,130,https://www.lego.com/en-us/product/tbd-coconut-40554,2023-04-23
40559,BrickHeadz,Road Runner™ & Wile E. Coyote™,19.99,4.9,205.0,91,https://www.lego.com/en-us/product/looney-tunes-40559,2023-04-23
40560,Harry Potter™,Professors of Hogwarts™,39.99,,601.0,260,https://www.lego.com/en-us/product/professors-of-hogwarts-40560,2023-04-23
40615,Star Wars™,Tusken Raider™,9.99,,152.0,65,https://www.lego.com/en-us/product/tusken-raider-40615,2023-04-23
40619,BrickHeadz,EVE & WALL•E,14.99,4.9,155.0,97,https://www.lego.com/en-us/product/eve--walle-40619,2023-04-23
40620,BrickHeadz,Cruella & Maleficent,19.99,4.8,320.0,130,https://www.lego.com/en-us/product/cruella--maleficent-40620,2023-04-23
40621,BrickHeadz,Moana & Merida,19.99,4.8,410.0,130,https://www.lego.com/en-us/product/moana--merida-40621,2023-04-23
40622,Disney™,Disney 100th Celebration,39.99,4.7,501.0,260,https://www.lego.com/en-us/product/disney-100th-celebration-40622,2023-04-23
40623,Star Wars™,Battle of Endor™ Heroes,39.99,,549.0,260,https://www.lego.com/en-us/product/battle-of-endor-heroes-40623,2023-04-23
40624,BrickHeadz,Alex,9.99,,86.0,65,https://www.lego.com/en-us/product/alex-40624,2023-04-23
40625,BrickHeadz,Llama,9.99,5.0,100.0,65,https://www.lego.com/en-us/product/llama-40625,2023-04-23
40626,BrickHeadz,Zombie,9.99,5.0,81.0,65,https://www.lego.com/en-us/product/brickheadz-12-gaming-minecraft-3-40626,2023-04-23
40630,BrickHeadz,Frodo™ & Gollum™,14.99,,184.0,97,https://www.lego.com/en-us/product/frodo--gollum-40630,2023-04-23
40631,BrickHeadz,Gandalf the Grey™ & Balrog™,19.99,4.7,348.0,130,https://www.lego.com/en-us/product/gandalf-the-grey--balrog-40631,2023-04-23
40632,BrickHeadz,Aragorn™ & Arwen™,19.99,4.8,261.0,130,https://www.lego.com/en-us/product/aragorn--arwen-40632,2023-04-23
41168,Frozen,Elsa's Jewelry Box Creation,39.99,4.6,300.0,260,https://www.lego.com/en-us/product/elsa-s-jewelry-box-creation-41168,2023-04-23
41441,Friends,Horse Training and Trailer,29.99,,148.0,156,https://www.lego.com/en-us/product/horse-training-and-trailer-41441,2023-04-23
41443,Friends,Olivia's Electric Car,14.99,4.9,183.0,97,https://www.lego.com/en-us/product/olivias-electric-car-41443,2023-04-23
41677,Friends,Forest Waterfall,9.99,,93.0,65,https://www.lego.com/en-us/product/forest-waterfall-41677,2023-04-23
41696,Friends,Pony-Washing Stable,9.99,4.8,60.0,65,https://www.lego.com/en-us/product/pony-washing-stable-41696,2023-04-23
41697,Friends,Turtle Protection Vehicle,9.99,4.9,90.0,65,https://www.lego.com/en-us/product/turtle-protection-vehicle-41697,2023-04-23
41698,Friends,Pet Playground,19.99,4.9,210.0,104,https://www.lego.com/en-us/product/pet-playground-41698,2023-04-23
41699,Friends,Pet Adoption Café,29.99,4.9,292.0,195,https://www.lego.com/en-us/product/pet-adoption-cafe-41699,2023-04-23
41703,Friends,Friendship Tree House,79.99,4.8,1114.0,520,https://www.lego.com/en-us/product/friendship-tree-house-41703,2023-04-23
41704,Friends,Main Street Building,159.99,4.9,1682.0,1040,https://www.lego.com/en-us/product/main-street-building-41704,2023-04-23
41705,Friends,Heartlake City Pizzeria,14.99,4.9,144.0,97,https://www.lego.com/en-us/product/heartlake-city-pizzeria-41705,2023-04-23
41706,Friends,LEGO® Friends Advent Calendar,34.99,2.9,312.0,159,https://www.lego.com/en-us/product/lego-friends-advent-calendar-41706,2023-04-23
41707,Friends,Tree-Planting Vehicle,29.99,4.9,336.0,195,https://www.lego.com/en-us/product/tree-planting-vehicle-41707,2023-04-23
41708,Friends,Roller Disco Arcade,59.99,4.9,642.0,390,https://www.lego.com/en-us/product/roller-disco-arcade-41708,2023-04-23
41711,Friends,Emma's Art School,69.99,4.9,844.0,455,https://www.lego.com/en-us/product/emmas-art-school-41711,2023-04-23
41712,Friends,Recycling Truck,19.99,4.8,259.0,130,https://www.lego.com/en-us/product/recycling-truck-41712,2023-04-23
41713,Friends,Olivia's Space Academy,69.99,,757.0,455,https://www.lego.com/en-us/product/olivias-space-academy-41713,2023-04-23
41714,Friends,Andrea's Theater School,99.99,4.8,1154.0,650,https://www.lego.com/en-us/product/andreas-theater-school-41714,2023-04-23
41715,Friends,Ice-Cream Truck,19.99,4.9,84.0,130,https://www.lego.com/en-us/product/ice-cream-truck-41715,2023-04-23
41716,Friends,Stephanie's Sailing Adventure,39.99,4.9,304.0,260,https://www.lego.com/en-us/product/stephanies-sailing-adventure-41716,2023-04-23
41717,Friends,Mia's Wildlife Rescue,49.99,4.9,430.0,325,https://www.lego.com/en-us/product/mias-wildlife-rescue-41717,2023-04-23
41718,Friends,Pet Day-Care Center,69.99,,593.0,455,https://www.lego.com/en-us/product/pet-day-care-center-41718,2023-04-23
41719,Friends,Mobile Fashion Boutique,9.99,4.9,94.0,65,https://www.lego.com/en-us/product/mobile-fashion-boutique-41719,2023-04-23
41720,Friends,Water Park,49.99,4.9,373.0,325,https://www.lego.com/en-us/product/water-park-41720,2023-04-23
41721,Friends,Organic Farm,89.99,5.0,826.0,585,https://www.lego.com/en-us/product/organic-farm-41721,2023-04-23
41722,Friends,Horse Show Trailer,99.99,5.0,989.0,650,https://www.lego.com/en-us/product/horse-show-trailer-41722,2023-04-23
41723,Friends,Donut Shop,9.99,4.6,63.0,65,https://www.lego.com/en-us/product/donut-shop-41723,2023-04-23
41724,Friends,Paisley's House,39.99,4.7,185.0,260,https://www.lego.com/en-us/product/paisleys-house-41724,2023-04-23
41726,Friends,Holiday Camping Trip,19.99,4.8,87.0,130,https://www.lego.com/en-us/product/holiday-camping-trip-41726,2023-04-23
41727,Friends,Dog Rescue Center,59.99,4.9,617.0,390,https://www.lego.com/en-us/product/dog-rescue-center-41727,2023-04-23
41728,Friends,Heartlake Downtown Diner,29.99,4.9,346.0,195,https://www.lego.com/en-us/product/heartlake-downtown-diner-41728,2023-04-23
41729,Friends,Organic Grocery Store,89.99,,830.0,585,https://www.lego.com/en-us/product/organic-grocery-store-41729,2023-04-23
41730,Friends,Autumn's House,69.99,,853.0,455,https://www.lego.com/en-us/product/autumns-house-41730,2023-04-23
41731,Friends,Heartlake International School,99.99,4.9,985.0,650,https://www.lego.com/en-us/product/heartlake-international-school-41731,2023-04-23
41732,Friends,Downtown Flower and Design Stores,159.99,4.9,2010.0,1040,https://www.lego.com/en-us/product/downtown-flower-and-design-stores-41732,2023-04-23
41733,Friends,Mobile Bubble Tea Shop,9.99,4.5,109.0,65,https://www.lego.com/en-us/product/mobile-bubble-tea-shop-41733,2023-04-23
41735,Friends,Mobile Tiny House,64.99,,785.0,422,https://www.lego.com/en-us/product/mobile-tiny-house-41735,2023-04-23
41738,Friends,Dog Rescue Bike,9.99,,125.0,65,https://www.lego.com/en-us/product/dog-rescue-bike-41738,2023-04-23
41739,Friends,Liann's Room,19.99,4.8,204.0,130,https://www.lego.com/en-us/product/lianns-room-41739,2023-04-23
41740,Friends,Aliya's Room,19.99,4.9,209.0,130,https://www.lego.com/en-us/product/aliyas-room-41740,2023-04-23
41741,Friends,Dog Rescue Van,29.99,4.9,300.0,195,https://www.lego.com/en-us/product/dog-rescue-van-41741,2023-04-23
41742,Friends,Cat Hotel,29.99,,445.0,195,https://www.lego.com/en-us/product/cat-hotel-41742,2023-04-23
41743,Friends,Hair Salon,39.99,4.8,401.0,260,https://www.lego.com/en-us/product/hair-salon-41743,2023-04-23
41751,Friends,Skate Park,49.99,4.9,431.0,325,https://www.lego.com/en-us/product/skate-park-41751,2023-04-23
41754,Friends,Leo's Room,19.99,4.8,203.0,130,https://www.lego.com/en-us/product/leos-room-41754,2023-04-23
41755,Friends,Nova's Room,19.99,4.8,179.0,130,https://www.lego.com/en-us/product/novas-room-41755,2023-04-23
41801,DOTS,My Pets Bracelet,5.99,,37.0,39,https://www.lego.com/en-us/product/my-pets-bracelet-41801,2023-04-23
41802,DOTS,Unicorns Forever Bracelet,5.99,,37.0,39,https://www.lego.com/en-us/product/unicorns-forever-bracelet-41802,2023-04-23
41803,DOTS,Extra DOTS Series 8 – Glitter and Shine,3.99,5.0,115.0,26,https://www.lego.com/en-us/product/extra-dots-series-8--glitter-and-shine-41803,2023-04-23
41805,DOTS,Creative Animal Drawer,24.99,4.9,643.0,162,https://www.lego.com/en-us/product/creative-animal-drawer-41805,2023-04-23
41806,DOTS,Ultimate Party Kit,49.99,4.4,1154.0,325,https://www.lego.com/en-us/product/ultimate-party-kit-41806,2023-04-23
41807,DOTS,Bracelet Designer Mega Pack,29.99,4.8,388.0,195,https://www.lego.com/en-us/product/bracelet-designer-mega-pack-41807,2023-04-23
41808,DOTS,Hogwarts™ Accessories Pack,14.99,,234.0,97,https://www.lego.com/en-us/product/hogwarts-accessories-pack-41808,2023-04-23
41809,DOTS,Hedwig™ Pencil Holder,19.99,,518.0,130,https://www.lego.com/en-us/product/hedwig-pencil-holder-41809,2023-04-23
41811,DOTS,Hogwarts™ Desktop Kit,44.99,2.3,856.0,292,https://www.lego.com/en-us/product/hogwarts-desktop-kit-41811,2023-04-23
41947,DOTS,Mickey & Friends Bracelets Mega Pack,34.99,,349.0,227,https://www.lego.com/en-us/product/mickey--friends-bracelets-mega-pack-41947,2023-04-23
41948,DOTS,Cute Banana Pen Holder,19.99,,438.0,130,https://www.lego.com/en-us/product/cute-banana-pen-holder-41948,2023-04-23
41950,DOTS,Lots of DOTS – Lettering,19.99,4.7,722.0,130,https://www.lego.com/en-us/product/lots-of-dots--lettering-41950,2023-04-23
41951,DOTS,Message Board,19.99,4.8,531.0,130,https://www.lego.com/en-us/product/message-board-41951,2023-04-23
41957,DOTS,Adhesive Patches Mega Pack,34.99,,486.0,227,https://www.lego.com/en-us/product/adhesive-patches-mega-pack-41957,2023-04-23
41959,DOTS,Cute Panda Tray,19.99,,517.0,130,https://www.lego.com/en-us/product/cute-panda-tray-41959,2023-04-23
41960,DOTS,Big Box,34.99,,479.0,227,https://www.lego.com/en-us/product/big-box-41960,2023-04-23
41961,DOTS,Designer Toolkit - Patterns,64.99,,1096.0,422,https://www.lego.com/en-us/product/designer-toolkit---patterns-41961,2023-04-23
41962,DOTS,Unicorn Creative Family Pack,39.99,5.0,707.0,260,https://www.lego.com/en-us/product/unicorn-creative-family-pack-41962,2023-04-23
41963,DOTS,Mickey Mouse & Minnie Mouse Stitch-on Patch,5.99,4.6,95.0,39,https://www.lego.com/en-us/product/mickey-mouse--minnie-mouse-stitch-on-patch-41963,2023-04-23
41964,DOTS,Mickey Mouse & Minnie Mouse Back-to-School Project Box,44.99,,669.0,292,https://www.lego.com/en-us/product/mickey-mouse--minnie-mouse-back-to-school-project-box-41964,2023-04-23
42127,Technic™,THE BATMAN - BATMOBILE™,99.99,,1360.0,650,https://www.lego.com/en-us/product/the-batman-batmobile-42127,2023-04-23
43187,Disney™,Rapunzel's Tower,64.99,4.9,369.0,422,https://www.lego.com/en-us/product/rapunzels-tower-43187,2023-04-23
43189,Disney™,Elsa and the Nokk Storybook Adventures,19.99,4.6,125.0,130,https://www.lego.com/en-us/product/elsa-and-the-nokk-storybook-adventures-43189,2023-04-23
43193,Disney™,"Ariel, Belle, Cinderella and Tiana's Storybook Adventures",24.99,4.8,130.0,130,https://www.lego.com/en-us/product/ariel-belle-cinderella-and-tianas-storybook-adventures-43193,2023-04-23
43194,Disney™,Anna and Elsa's Frozen Wonderland,44.99,4.9,154.0,292,https://www.lego.com/en-us/product/anna-and-elsas-frozen-wonderland-43194,2023-04-23
43196,Disney™,Belle and the Beast's Castle,89.99,4.9,505.0,585,https://www.lego.com/en-us/product/belle-and-the-beasts-castle-43196,2023-04-23
43197,Frozen,The Ice Castle,219.99,4.4,1709.0,1430,https://www.lego.com/en-us/product/the-ice-castle-43197,2023-04-23
43198,Disney™,Anna’s Castle Courtyard,9.99,,74.0,65,https://www.lego.com/en-us/product/annas-castle-courtyard-43198,2023-04-23
43199,Disney™,Elsa’s Castle Courtyard,9.99,4.7,53.0,65,https://www.lego.com/en-us/product/elsas-castle-courtyard-43199,2023-04-23
43202,Disney™,The Madrigal House,49.99,4.4,587.0,325,https://www.lego.com/en-us/product/the-madrigal-house-43202,2023-04-23
43203,Disney™,"Aurora, Merida and Tiana’s Enchanted Creations",69.99,3.6,558.0,455,https://www.lego.com/en-us/product/aurora-merida-and-tianas-enchanted-creations-43203,2023-04-23
43205,Disney™,Ultimate Adventure Castle,99.99,4.9,698.0,650,https://www.lego.com/en-us/product/ultimate-adventure-castle-43205,2023-04-23
43206,Disney™,Cinderella and Prince Charming's Castle,89.99,,365.0,585,https://www.lego.com/en-us/product/cinderella-and-prince-charmings-castle-43206,2023-04-23
43207,Disney™,Ariel’s Underwater Palace,99.99,4.9,498.0,650,https://www.lego.com/en-us/product/ariels-underwater-palace-43207,2023-04-23
43208,Disney™,Jasmine and Mulan’s Adventure,44.99,,176.0,292,https://www.lego.com/en-us/product/jasmine-and-mulans-adventure-43208,2023-04-23
43209,Disney™,Elsa and the Nokk’s Ice Stable,14.99,4.8,53.0,97,https://www.lego.com/en-us/product/elsa-and-the-nokks-ice-stable-43209,2023-04-23
43210,Disney™,Moana's Wayfinding Boat,34.99,4.9,321.0,227,https://www.lego.com/en-us/product/moanas-wayfinding-boat-43210,2023-04-23
43211,Disney™,Aurora's Castle,44.99,4.9,187.0,292,https://www.lego.com/en-us/product/auroras-castle-43211,2023-04-23
43212,Disney™,Disney Celebration Train,39.99,4.7,200.0,260,https://www.lego.com/en-us/product/disney-celebration-train-43212,2023-04-23
43213,Disney™,The Little Mermaid Story Book,19.99,,134.0,130,https://www.lego.com/en-us/product/tbd-disney-princess-3-2023-43213,2023-04-23
43214,Disney™,Twirling Rapunzel,9.99,4.7,89.0,65,https://www.lego.com/en-us/product/twirling-rapunzel-43214,2023-04-23
43215,Disney™,The Enchanted Treehouse,159.99,,1016.0,1040,https://www.lego.com/en-us/product/tbd-disney-princess-5-2023-43215,2023-04-23
43216,Disney™,Princess Enchanted Journey,64.99,4.8,320.0,422,https://www.lego.com/en-us/product/princess-enchanted-journey-43216,2023-04-23
43217,Disney™,‘Up’ House,59.99,4.4,598.0,390,https://www.lego.com/en-us/product/up-house-43217,2023-04-23
43219,Disney™,Disney Princess Creative Castles,34.99,5.0,140.0,227,https://www.lego.com/en-us/product/disney-princess-creative-castles-43219,2023-04-23
43220,Disney™,Peter Pan & Wendy's Storybook Adventure,19.99,,111.0,130,https://www.lego.com/en-us/product/peter-pan--wendys-storybook-adventure-43220,2023-04-23
43221,Disney™,100 Years of Disney Animation Icons,59.99,,1022.0,390,https://www.lego.com/en-us/product/tbd-disney-animation-4-2023-43221,2023-04-23
43225,Disney™,The Little Mermaid Royal Clamshell,159.99,,1808.0,1040,https://www.lego.com/en-us/product/the-little-mermaid-royal-clamshell-43225,2023-04-23
43229,Disney™,Ariel's Treasure Chest,44.99,,370.0,292,https://www.lego.com/en-us/product/43229,2023-04-23
45002,LEGO® Education,Tech Machines,239.95,,95.0,1560,https://www.lego.com/en-us/product/tech-machines-45002,2023-04-23
45005,LEGO® Education,StoryTales,159.95,,109.0,1040,https://www.lego.com/en-us/product/storytales-45005,2023-04-23
45018,LEGO® Education,"Build Me ""Emotions""",94.95,,188.0,617,https://www.lego.com/en-us/product/build-me-emotions-45018,2023-04-23
45024,LEGO® Education,STEAM Park,209.95,5.0,295.0,1365,https://www.lego.com/en-us/product/steam-park-45024,2023-04-23
45025,DUPLO®,Coding Express,239.95,3.5,234.0,1560,https://www.lego.com/en-us/product/coding-express-45025,2023-04-23
45026,LEGO® Education,Tubes,169.95,3.8,150.0,1105,https://www.lego.com/en-us/product/tubes-45026,2023-04-23
45028,LEGO® Education,LEGO® Education My XL World,284.95,,480.0,1852,https://www.lego.com/en-us/product/lego-education-my-xl-world-45028,2023-04-23
45345,LEGO® Education,LEGO® Education SPIKE™ Essential Set,319.95,,449.0,2080,https://www.lego.com/en-us/product/lego-education-spike-essential-set-45345,2023-04-23
45400,LEGO® Education,LEGO® Education BricQ Motion Prime Set,133.95,,564.0,871,https://www.lego.com/en-us/product/lego-education-bricq-motion-prime-set-45400,2023-04-23
45401,LEGO® Education,LEGO® Education BricQ Motion Essential Set,133.95,,523.0,871,https://www.lego.com/en-us/product/lego-education-bricq-motion-essential-set-45401,2023-04-23
45609,LEGO® Education,LEGO® Technic™ Small Hub,214.95,,2.0,1397,https://www.lego.com/en-us/product/lego-technic-small-hub-45609,2023-04-23
45612,LEGO® Education,LEGO® Technic™ Small Hub Battery,69.95,,1.0,455,https://www.lego.com/en-us/product/lego-technic-small-hub-battery-45612,2023-04-23
45678,LEGO® Education,LEGO® Education SPIKE™ Prime Set,399.95,4.3,528.0,2600,https://www.lego.com/en-us/product/lego-education-spike-prime-set-45678,2023-04-23
45681,LEGO® Education,LEGO® Education SPIKE™ Prime Expansion Set,133.95,,604.0,871,https://www.lego.com/en-us/product/lego-education-spike-prime-expansion-set-45681,2023-04-23
51515,MINDSTORMS®,Robot Inventor,359.99,3.9,949.0,2340,https://www.lego.com/en-us/product/robot-inventor-51515,2023-04-23
60205,City,Tracks,19.99,,20.0,130,https://www.lego.com/en-us/product/tracks-60205,2023-04-23
60238,City,Switch Tracks,15.99,4.3,8.0,104,https://www.lego.com/en-us/product/switch-tracks-60238,2023-04-23
60253,City,Ice-Cream Truck,19.99,4.8,200.0,130,https://www.lego.com/en-us/product/ice-cream-truck-60253,2023-04-23
60283,City,Holiday Camper Van,19.99,4.8,190.0,130,https://www.lego.com/en-us/product/holiday-camper-van-60283,2023-04-23
60287,City,Tractor,19.99,4.8,148.0,130,https://www.lego.com/en-us/product/tractor-60287,2023-04-23
60304,City,Road Plates,19.99,2.4,112.0,130,https://www.lego.com/en-us/product/road-plates-60304,2023-04-23
60312,City,Police Car,9.99,4.4,94.0,65,https://www.lego.com/en-us/product/police-car-60312,2023-04-23
60313,City,Space Ride Amusement Truck,49.99,4.9,433.0,325,https://www.lego.com/en-us/product/space-ride-amusement-truck-60313,2023-04-23
60314,City,Ice Cream Truck Police Chase,39.99,4.8,317.0,260,https://www.lego.com/en-us/product/ice-cream-truck-police-chase-60314,2023-04-23
60315,City,Police Mobile Command Truck,49.99,4.8,436.0,325,https://www.lego.com/en-us/product/police-mobile-command-truck-60315,2023-04-23
60316,City,Police Station,69.99,4.7,668.0,455,https://www.lego.com/en-us/product/police-station-60316,2023-04-23
60317,City,Police Chase at the Bank,99.99,4.5,915.0,650,https://www.lego.com/en-us/product/police-chase-at-the-bank-60317,2023-04-23
60318,City,Fire Helicopter,9.99,4.9,53.0,65,https://www.lego.com/en-us/product/fire-helicopter-60318,2023-04-23
60319,City,Fire Rescue & Police Chase,39.99,4.8,295.0,260,https://www.lego.com/en-us/product/fire-rescue--police-chase-60319,2023-04-23
60320,City,Fire Station,69.99,4.7,540.0,455,https://www.lego.com/en-us/product/fire-station-60320,2023-04-23
60321,City,Fire Brigade,99.99,,766.0,650,https://www.lego.com/en-us/product/fire-brigade-60321,2023-04-23
60322,City,Race Car,9.99,5.0,46.0,65,https://www.lego.com/en-us/product/race-car-60322,2023-04-23
60323,City,Stunt Plane,9.99,4.9,59.0,65,https://www.lego.com/en-us/product/stunt-plane-60323,2023-04-23
60324,City,Mobile Crane,39.99,4.8,340.0,260,https://www.lego.com/en-us/product/mobile-crane-60324,2023-04-23
60325,City,Cement Mixer Truck,19.99,4.9,85.0,130,https://www.lego.com/en-us/product/cement-mixer-truck-60325,2023-04-23
60327,City,Horse Transporter,29.99,4.6,196.0,195,https://www.lego.com/en-us/product/horse-transporter-60327,2023-04-23
60330,City,Hospital,119.99,4.7,816.0,780,https://www.lego.com/en-us/product/hospital-60330,2023-04-23
60332,City,Reckless Scorpion Stunt Bike,7.99,4.5,15.0,52,https://www.lego.com/en-us/product/reckless-scorpion-stunt-bike-60332,2023-04-23
60333,City,Bathtub Stunt Bike,7.99,4.4,14.0,52,https://www.lego.com/en-us/product/bathtub-stunt-bike-60333,2023-04-23
60335,City,Train Station,99.99,4.4,907.0,650,https://www.lego.com/en-us/product/train-station-60335,2023-04-23
60336,City,Freight Train,199.99,4.9,1153.0,1300,https://www.lego.com/en-us/product/freight-train-60336,2023-04-23
60337,City,Express Passenger Train,189.99,4.7,764.0,1235,https://www.lego.com/en-us/product/express-passenger-train-60337,2023-04-23
60338,City,Smashing Chimpanzee Stunt Loop,69.99,4.5,226.0,455,https://www.lego.com/en-us/product/smashing-chimpanzee-stunt-loop-60338,2023-04-23
60339,City,Double Loop Stunt Arena,159.99,4.5,598.0,1040,https://www.lego.com/en-us/product/double-loop-stunt-arena-60339,2023-04-23
60341,City,The Knockdown Stunt Challenge,34.99,4.7,117.0,227,https://www.lego.com/en-us/product/the-knockdown-stunt-challenge-60341,2023-04-23
60342,City,The Shark Attack Stunt Challenge,34.99,4.4,122.0,227,https://www.lego.com/en-us/product/the-shark-attack-stunt-challenge-60342,2023-04-23
60343,City,Rescue Helicopter Transport,29.99,3.6,215.0,195,https://www.lego.com/en-us/product/rescue-helicopter-transport-60343,2023-04-23
60346,City,Barn & Farm Animals,69.99,4.0,230.0,455,https://www.lego.com/en-us/product/barn-farm-animals-60346,2023-04-23
60348,City,Lunar Roving Vehicle,39.99,4.8,275.0,260,https://www.lego.com/en-us/product/lunar-roving-vehicle-60348,2023-04-23
60349,City,Lunar Space Station,79.99,4.9,500.0,520,https://www.lego.com/en-us/product/lunar-space-station-60349,2023-04-23
60350,City,Lunar Research Base,129.99,4.8,786.0,845,https://www.lego.com/en-us/product/lunar-research-base-60350,2023-04-23
60351,City,Rocket Launch Center,159.99,4.6,1010.0,1040,https://www.lego.com/en-us/product/rocket-launch-center-60351,2023-04-23
60352,City,LEGO® City Advent Calendar,34.99,3.1,287.0,227,https://www.lego.com/en-us/product/lego-city-advent-calendar-60352,2023-04-23
60353,City,Wild Animal Rescue Missions,39.99,4.7,246.0,260,https://www.lego.com/en-us/product/wild-animal-rescue-missions-60353,2023-04-23
60354,City,Mars Spacecraft Exploration Missions,39.99,4.3,298.0,260,https://www.lego.com/en-us/product/mars-spacecraft-exploration-missions-60354,2023-04-23
60355,City,Water Police Detective Missions,39.99,4.6,278.0,260,https://www.lego.com/en-us/product/water-police-detective-missions-60355,2023-04-23
60356,City,Bear Stunt Bike,7.99,5.0,10.0,52,https://www.lego.com/en-us/product/bear-stunt-bike-60356,2023-04-23
60357,City,Stunt Truck & Ring of Fire Challenge,59.99,5.0,479.0,390,https://www.lego.com/en-us/product/stunt-truck--ring-of-fire-challenge-60357,2023-04-23
60358,City,Cyber Stunt Bike,7.99,,13.0,52,https://www.lego.com/en-us/product/cyber-stunt-bike-60358,2023-04-23
60359,City,Dunk Stunt Ramp Challenge,29.99,4.7,144.0,195,https://www.lego.com/en-us/product/dunk-stunt-ramp-challenge-60359,2023-04-23
60360,City,Spinning Stunt Challenge,39.99,4.8,117.0,260,https://www.lego.com/en-us/product/spinning-stunt-challenge-60360,2023-04-23
60361,City,Ultimate Stunt Riders Challenge,99.99,5.0,385.0,650,https://www.lego.com/en-us/product/ultimate-stunt-riders-challenge-60361,2023-04-23
60369,City,Mobile Police Dog Training,29.99,,197.0,195,https://www.lego.com/en-us/product/mobile-police-dog-training-60369,2023-04-23
60370,City,Police Station Chase,39.99,4.8,172.0,260,https://www.lego.com/en-us/product/police-station-chase-60370,2023-04-23
60371,City,Emergency Vehicles HQ,69.99,5.0,706.0,455,https://www.lego.com/en-us/product/emergency-vehicles-hq-60371,2023-04-23
60372,City,Police Training Academy,99.99,4.8,823.0,650,https://www.lego.com/en-us/product/police-training-academy-60372,2023-04-23
60373,City,Fire Rescue Boat,29.99,4.9,144.0,195,https://www.lego.com/en-us/product/fire-rescue-boat-60373,2023-04-23
60374,City,Fire Command Truck,64.99,4.9,502.0,422,https://www.lego.com/en-us/product/fire-command-truck-60374,2023-04-23
60375,City,Fire Station and Fire Truck,39.99,5.0,153.0,260,https://www.lego.com/en-us/product/fire-station-and-fire-truck-60375,2023-04-23
60382,City,Vet Van Rescue,9.99,4.5,58.0,65,https://www.lego.com/en-us/product/vet-van-rescue-60382,2023-04-23
60383,City,Electric Sports Car,9.99,4.8,95.0,65,https://www.lego.com/en-us/product/electric-sports-car-60383,2023-04-23
60384,City,Penguin Slushy Van,19.99,5.0,194.0,130,https://www.lego.com/en-us/product/penguin-slushy-van-60384,2023-04-23
60385,City,Construction Digger,19.99,4.9,148.0,130,https://www.lego.com/en-us/product/construction-digger-60385,2023-04-23
60386,City,Recycling Truck,29.99,,261.0,195,https://www.lego.com/en-us/product/recycling-truck-60386,2023-04-23
60387,City,4x4 Off-Roader Adventures,29.99,4.7,252.0,195,https://www.lego.com/en-us/product/4x4-off-roader-adventures-60387,2023-04-23
60388,City,Gaming Tournament Truck,39.99,4.7,344.0,260,https://www.lego.com/en-us/product/gaming-tournament-truck-60388,2023-04-23
60389,City,Custom Car Garage,59.99,4.9,507.0,390,https://www.lego.com/en-us/product/custom-car-garage-60389,2023-04-23
60390,City,Park Tractor,9.99,,86.0,65,https://www.lego.com/en-us/product/park-tractor-60390,2023-04-23
60392,City,Police Bike Car Chase,9.99,4.7,59.0,65,https://www.lego.com/en-us/product/police-bike-car-chase-60392,2023-04-23
60393,City,4x4 Fire Truck Rescue,9.99,4.7,97.0,65,https://www.lego.com/en-us/product/4x4-fire-truck-rescue-60393,2023-04-23
60394,City,ATV and Otter Habitat,9.99,4.6,90.0,65,https://www.lego.com/en-us/product/atv-and-otter-habitat-60394,2023-04-23
66733,Minifigures,LEGO® Minifigures Series 24 6 Pack,29.94,,51.0,195,https://www.lego.com/en-us/product/lego-minifigures-series-24-6-pack-66733,2023-04-23
66734,Minifigures,Minifigures Disney 100 6 Pack,29.94,,46.0,195,https://www.lego.com/en-us/product/tbd-minifigures-ip1-2023-6-pack-66734,2023-04-23
71033,Minifigures,The Muppets,4.99,3.6,6.0,32,https://www.lego.com/en-us/product/tbd-minifigures-ip1-2022-71033,2023-04-23
71034,Minifigures,Series 23,4.99,,8.0,26,https://www.lego.com/en-us/product/tbd-minifigures-series-23-2022-71034,2023-04-23
71037,Minifigures,LEGO® Minifigures Series 24,4.99,3.0,8.0,32,https://www.lego.com/en-us/product/lego-minifigures-series-24-71037,2023-04-23
71038,Minifigures,LEGO® Minifigures Disney 100,4.99,,8.0,32,https://www.lego.com/en-us/product/tbd-minifigures-ip1-2023-71038,2023-04-23
71040,Disney™,The Disney Castle,349.99,4.7,4080.0,1820,https://www.lego.com/en-us/product/the-disney-castle-71040,2023-04-23
71043,Harry Potter™,Hogwarts™ Castle,469.99,4.7,6020.0,3055,https://www.lego.com/en-us/product/hogwarts-castle-71043,2023-04-23
71360,LEGO® Super Mario™,Adventures with Mario Starter Course,59.99,3.8,231.0,390,https://www.lego.com/en-us/product/adventures-with-mario-starter-course-71360,2023-04-23
71374,LEGO® Super Mario™,Nintendo Entertainment System™,269.99,4.8,2646.0,1755,https://www.lego.com/en-us/product/nintendo-entertainment-system-71374,2023-04-23
71387,LEGO® Super Mario™,Adventures with Luigi Starter Course,59.99,4.6,280.0,390,https://www.lego.com/en-us/product/adventures-with-luigi-starter-course-71387,2023-04-23
71388,LEGO® Super Mario™,Boss Sumo Bro Topple Tower Expansion Set,29.99,4.7,231.0,136,https://www.lego.com/en-us/product/tbd-leaf-9-2021-71388,2023-04-23
71390,LEGO® Super Mario™,Reznor Knockdown Expansion Set,69.99,4.8,862.0,318,https://www.lego.com/en-us/product/tbd-leaf-11-2021-71390,2023-04-23
71395,LEGO® Super Mario™,Super Mario 64™ Question Mark Block,199.99,,2064.0,1300,https://www.lego.com/en-us/product/super-mario-64-question-mark-block-71395,2023-04-23
71396,LEGO® Super Mario™,Bowser Jr.'s Clown Car Expansion Set,9.99,4.6,84.0,52,https://www.lego.com/en-us/product/bowser-jrs-clown-car-expansion-set-71396,2023-04-23
71397,LEGO® Super Mario™,Luigi’s Mansion™ Lab and Poltergust Expansion Set,29.99,4.7,179.0,156,https://www.lego.com/en-us/product/luigis-mansion-lab-and-poltergust-expansion-set-71397,2023-04-23
71398,LEGO® Super Mario™,Dorrie’s Beachfront Expansion Set,29.99,4.9,229.0,156,https://www.lego.com/en-us/product/dorries-beachfront-expansion-set-71398,2023-04-23
71401,LEGO® Super Mario™,Luigi’s Mansion™ Haunt-and-Seek Expansion Set,79.99,4.9,877.0,416,https://www.lego.com/en-us/product/luigis-mansion-haunt-and-seek-expansion-set-71401,2023-04-23
71403,LEGO® Super Mario™,Adventures with Peach Starter Course,59.99,4.6,354.0,390,https://www.lego.com/en-us/product/tbd-leaf-8-2022-71403,2023-04-23
71404,LEGO® Super Mario™,Goomba’s Shoe Expansion Set,9.99,4.0,76.0,65,https://www.lego.com/en-us/product/tbd-leaf-9-2022-71404,2023-04-23
71405,LEGO® Super Mario™,Fuzzy Flippers Expansion Set,19.99,4.7,154.0,104,https://www.lego.com/en-us/product/tbd-leaf-10-2022-71405,2023-04-23
71406,LEGO® Super Mario™,Yoshi’s Gift House Expansion Set,29.99,4.8,246.0,195,https://www.lego.com/en-us/product/tbd-leaf-11-2022-71406,2023-04-23
71407,LEGO® Super Mario™,Cat Peach Suit and Frozen Tower Expansion Set,79.99,,494.0,520,https://www.lego.com/en-us/product/tbd-leaf-12-2022-71407,2023-04-23
71408,LEGO® Super Mario™,Peach’s Castle Expansion Set,129.99,4.3,1216.0,845,https://www.lego.com/en-us/product/tbd-leaf-13-2022-71408,2023-04-23
71409,LEGO® Super Mario™,Big Spike’s Cloudtop Challenge Expansion Set,69.99,,540.0,455,https://www.lego.com/en-us/product/tbd-leaf-14-2022-71409,2023-04-23
71410,LEGO® Super Mario™,Character Packs - Series 5,5.99,3.4,47.0,31,https://www.lego.com/en-us/product/tbd-leaf-15-2022-71410,2023-04-23
71411,LEGO® Super Mario™,The Mighty Bowser™,269.99,4.9,2807.0,1755,https://www.lego.com/en-us/product/tbd-leaf-16-2022-71411,2023-04-23
71412,LEGO® Super Mario™,Big Bad Island Expansion Set,44.99,5.0,354.0,292,https://www.lego.com/en-us/product/tbd-leaf-17-2022-71412,2023-04-23
71413,LEGO® Super Mario™,Character Packs – Series 6,5.99,4.1,52.0,39,https://www.lego.com/en-us/product/tbd-leaf-1-2023-71413,2023-04-23
71414,LEGO® Super Mario™,Conkdor's Noggin Bopper Expansion Set,14.99,4.5,130.0,97,https://www.lego.com/en-us/product/tbd-leaf-2-2023-71414,2023-04-23
71415,LEGO® Super Mario™,Ice Mario Suit and Frozen World Expansion Set,24.99,4.6,105.0,162,https://www.lego.com/en-us/product/tbd-leaf-3-2023-71415,2023-04-23
71416,LEGO® Super Mario™,Lava Wave Ride Expansion Set,34.99,4.9,218.0,227,https://www.lego.com/en-us/product/tbd-leaf-4-2023-71416,2023-04-23
71417,LEGO® Super Mario™,Fliprus Snow Adventure Expansion Set,64.99,,567.0,422,https://www.lego.com/en-us/product/tbd-leaf-5-2023-71417,2023-04-23
71418,LEGO® Super Mario™,Creativity Toolbox Maker Set,59.99,4.9,588.0,390,https://www.lego.com/en-us/product/tbd-leaf-6-2023-71418,2023-04-23
71419,LEGO® Super Mario™,Peach's Garden Balloon Ride Expansion Set,49.99,,453.0,325,https://www.lego.com/en-us/product/tbd-leaf-7-2023-71419,2023-04-23
71423,LEGO® Super Mario™,Dry Bowser Castle Battle Expansion Set,109.99,,1321.0,715,https://www.lego.com/en-us/product/tbd-leaf-11-2023-71423,2023-04-23
71738,NINJAGO®,Zane's Titan Mech Battle,64.99,,840.0,422,https://www.lego.com/en-us/product/zanes-titan-mech-battle-71738,2023-04-23
71741,NINJAGO®,NINJAGO® City Gardens,349.99,4.7,5686.0,2275,https://www.lego.com/en-us/product/ninjago-city-gardens-71741,2023-04-23
71754,NINJAGO®,Water Dragon,79.99,4.8,737.0,520,https://www.lego.com/en-us/product/water-dragon-71754,2023-04-23
71756,NINJAGO®,Hydro Bounty,139.99,4.8,1159.0,910,https://www.lego.com/en-us/product/hydro-bounty-71756,2023-04-23
71757,NINJAGO®,Lloyd's Ninja Mech,9.99,4.7,57.0,65,https://www.lego.com/en-us/product/tbd-ninjago-4-mech-2022-71757,2023-04-23
71759,NINJAGO®,Ninja Dragon Temple,44.99,,161.0,292,https://www.lego.com/en-us/product/ninja-dragon-temple-71759,2023-04-23
71760,NINJAGO®,Jay’s Thunder Dragon EVO,19.99,4.5,140.0,130,https://www.lego.com/en-us/product/jays-thunder-dragon-evo-71760,2023-04-23
71761,NINJAGO®,Zane’s Power Up Mech EVO,9.99,,95.0,65,https://www.lego.com/en-us/product/zanes-power-up-mech-evo-71761,2023-04-23
71762,NINJAGO®,Kai’s Fire Dragon EVO,34.99,,204.0,227,https://www.lego.com/en-us/product/kais-fire-dragon-evo-71762,2023-04-23
71763,NINJAGO®,Lloyd’s Race Car EVO,34.99,4.9,279.0,227,https://www.lego.com/en-us/product/lloyds-race-car-evo-71763,2023-04-23
71765,NINJAGO®,Ninja Ultra Combo Mech,89.99,4.7,1104.0,585,https://www.lego.com/en-us/product/tbd-ninjago-combo-mech-2022-71765,2023-04-23
71766,NINJAGO®,Lloyd’s Legendary Dragon,69.99,,747.0,455,https://www.lego.com/en-us/product/tbd-ninjago-legendary-dragon-2022-71766,2023-04-23
71767,NINJAGO®,Ninja Dojo Temple,99.99,4.8,1394.0,650,https://www.lego.com/en-us/product/tbd-ninjago-big-modular-building-2022-71767,2023-04-23
71768,NINJAGO®,Jay's Golden Dragon Motorbike,19.99,4.4,137.0,130,https://www.lego.com/en-us/product/jays-golden-dragon-motorbike-71768,2023-04-23
71769,NINJAGO®,Cole’s Dragon Cruiser,44.99,4.8,384.0,292,https://www.lego.com/en-us/product/coles-dragon-cruiser-71769,2023-04-23
71770,NINJAGO®,Zane's Golden Dragon Jet,34.99,4.9,258.0,227,https://www.lego.com/en-us/product/zanes-golden-dragon-jet-71770,2023-04-23
71771,NINJAGO®,The Crystal King Temple,79.99,,703.0,520,https://www.lego.com/en-us/product/the-crystal-king-temple-71771,2023-04-23
71772,NINJAGO®,The Crystal King,79.99,4.8,722.0,520,https://www.lego.com/en-us/product/the-crystal-king-71772,2023-04-23
71773,NINJAGO®,Kai’s Golden Dragon Raider,89.99,4.6,624.0,585,https://www.lego.com/en-us/product/kais-golden-dragon-raider-71773,2023-04-23
71774,NINJAGO®,Lloyd’s Golden Ultra Dragon,149.99,4.8,989.0,975,https://www.lego.com/en-us/product/lloyds-golden-ultra-dragon-71774,2023-04-23
71775,NINJAGO®,Nya's Samurai X MECH,119.99,4.5,1003.0,780,https://www.lego.com/en-us/product/nyas-samurai-x-mech-71775,2023-04-23
71776,NINJAGO®,Jay and Nya's Race Car EVO,49.99,4.9,536.0,325,https://www.lego.com/en-us/product/tbd-ninjago-mdp-2022-71776,2023-04-23
71780,NINJAGO®,Kai’s Ninja Race Car EVO,9.99,4.3,94.0,65,https://www.lego.com/en-us/product/kais-ninja-race-car-evo-71780,2023-04-23
71781,NINJAGO®,Lloyd’s Mech Battle EVO,19.99,4.7,223.0,130,https://www.lego.com/en-us/product/lloyds-mech-battle-evo-71781,2023-04-23
71782,NINJAGO®,Cole’s Earth Dragon EVO,34.99,4.8,285.0,227,https://www.lego.com/en-us/product/coles-earth-dragon-evo-71782,2023-04-23
71783,NINJAGO®,Kai’s Mech Rider EVO,44.99,4.9,312.0,292,https://www.lego.com/en-us/product/kais-mech-rider-evo-71783,2023-04-23
71784,NINJAGO®,Jay’s Lightning Jet EVO,9.99,4.7,146.0,65,https://www.lego.com/en-us/product/jays-lightning-jet-evo-71784,2023-04-23
71785,NINJAGO®,Jay’s Titan Mech,79.99,4.9,794.0,520,https://www.lego.com/en-us/product/jays-titan-mech-71785,2023-04-23
71786,NINJAGO®,Zane’s Ice Dragon Creature,99.99,4.9,973.0,650,https://www.lego.com/en-us/product/zanes-ice-dragon-creature-71786,2023-04-23
71787,NINJAGO®,Creative Ninja Brick Box,59.99,5.0,530.0,390,https://www.lego.com/en-us/product/creative-ninja-brick-box-71787,2023-04-23
71788,NINJAGO®,Lloyd’s Ninja Street Bike,9.99,4.2,64.0,65,https://www.lego.com/en-us/product/lloyds-ninja-street-bike-71788,2023-04-23
71800,NINJAGO®,Nya’s Water Dragon EVO,19.99,4.9,173.0,130,https://www.lego.com/en-us/product/nyas-water-dragon-evo-71800,2023-04-23
75317,Star Wars™,The Mandalorian™ & the Child,19.99,,295.0,130,https://www.lego.com/en-us/product/the-mandalorian-the-child-75317,2023-04-23
75571,LEGO® Avatar,Neytiri & Thanator vs. AMP Suit Quaritch,44.99,4.5,560.0,292,https://www.lego.com/en-us/product/tbd-pt-ip-1-2021-75571,2023-04-23
75572,LEGO® Avatar,Jake & Neytiri’s First Banshee Flight,59.99,,572.0,390,https://www.lego.com/en-us/product/tbd-pt-ip-2-2021-75572,2023-04-23
75573,LEGO® Avatar,Floating Mountains: Site 26 & RDA Samson,99.99,4.7,887.0,650,https://www.lego.com/en-us/product/tbd-pt-ip-3-2021-75573,2023-04-23
75574,LEGO® Avatar,Toruk Makto & Tree of Souls,149.99,4.6,1212.0,975,https://www.lego.com/en-us/product/tbd-pt-ip-4-2021-75574,2023-04-23
75575,LEGO® Avatar,Ilu Discovery,24.99,,179.0,162,https://www.lego.com/en-us/product/tbd-coconut-2023-1-75575,2023-04-23
75576,LEGO® Avatar,Skimwing Adventure,34.99,,259.0,227,https://www.lego.com/en-us/product/tbd-coconut-2023-2-75576,2023-04-23
75577,LEGO® Avatar,Mako Submarine,59.99,4.9,553.0,390,https://www.lego.com/en-us/product/tbd-coconut-2023-3-75577,2023-04-23
75578,LEGO® Avatar,Metkayina Reef Home,79.99,4.9,528.0,520,https://www.lego.com/en-us/product/tbd-coconut-2023-4-75578,2023-04-23
75579,LEGO® Avatar,Payakan the Tulkun & Crabsuit,99.99,,761.0,650,https://www.lego.com/en-us/product/tbd-coconut-2023-5-75579,2023-04-23
75968,Harry Potter™,4 Privet Drive,79.99,4.6,797.0,520,https://www.lego.com/en-us/product/4-privet-drive-75968,2023-04-23
75969,Harry Potter™,Hogwarts™ Astronomy Tower,99.99,4.6,971.0,650,https://www.lego.com/en-us/product/hogwarts-astronomy-tower-75969,2023-04-23
75978,Harry Potter™,Diagon Alley™,449.99,4.4,5544.0,2925,https://www.lego.com/en-us/product/diagon-alley-75978,2023-04-23
75979,Harry Potter™,Hedwig™,39.99,4.7,630.0,260,https://www.lego.com/en-us/product/hedwig-75979,2023-04-23
76145,Marvel,Eternals’ Aerial Assault,9.99,4.7,133.0,52,https://www.lego.com/en-us/product/tbd-lsh-new-2hy-2020-76145,2023-04-23
76154,Marvel,LEGO® Marvel Deviant Ambush!,24.99,4.8,197.0,130,https://www.lego.com/en-us/product/tbd-lsh-2020-15-76154,2023-04-23
76155,Marvel,LEGO® Marvel The Eternals In Arishem’s Shadow,59.99,4.2,493.0,312,https://www.lego.com/en-us/product/tbd-lsh-2020-16-76155,2023-04-23
76161,DC,1989 Batwing,199.99,4.4,2363.0,1040,https://www.lego.com/en-us/product/1989-batwing-76161,2023-04-23
76175,Spider-Man,Attack on the Spider Lair,69.99,,466.0,364,https://www.lego.com/en-us/product/attack-on-the-spider-lair-76175,2023-04-23
76178,Spider-Man,Daily Bugle,349.99,4.6,3772.0,2275,https://www.lego.com/en-us/product/daily-bugle-76178,2023-04-23
76179,DC,Batman™ & Selina Kyle™ Motorcycle Pursuit,14.99,,149.0,78,https://www.lego.com/en-us/product/tbd-lsh-12-2021-76179,2023-04-23
76181,DC,Batmobile™: The Penguin™ Chase,29.99,4.8,392.0,195,https://www.lego.com/en-us/product/tbd-lsh-14-2021-76181,2023-04-23
76183,Batman™,Batcave™: The Riddler™ Face-off,79.99,5.0,581.0,416,https://www.lego.com/en-us/product/tbd-lsh-16-2021-76183,2023-04-23
76184,Spider-Man,Spider-Man vs. Mysterio’s Drone Attack,19.99,,73.0,104,https://www.lego.com/en-us/product/tbd-lsh-17-2021-76184,2023-04-23
76185,Spider-Man,Spider-Man at the Sanctum Workshop,39.99,4.7,355.0,208,https://www.lego.com/en-us/product/tbd-lsh-18-2021-76185,2023-04-23
76186,Marvel,Black Panther Dragon Flyer,19.99,4.7,202.0,104,https://www.lego.com/en-us/product/tbd-lsh-19-2021-76186,2023-04-23
76187,Spider-Man,Venom,69.99,4.3,565.0,455,https://www.lego.com/en-us/product/tbd-lsh-20-2021-76187,2023-04-23
76191,Marvel,Infinity Gauntlet,79.99,4.6,590.0,520,https://www.lego.com/en-us/product/tbd-lsh-24-2021-76191,2023-04-23
76193,Marvel,The Guardians’ Ship,159.99,4.8,1901.0,1040,https://www.lego.com/en-us/product/tbd-lsh-26-2021-76193,2023-04-23
76198,Spider-Man,Spider-Man & Doctor Octopus Mech Battle,19.99,4.9,305.0,104,https://www.lego.com/en-us/product/tbd-mdp-extra-2021-76198,2023-04-23
76200,Marvel,Bro Thor’s New Asgard,29.99,,265.0,156,https://www.lego.com/en-us/product/tbd-mdp-extra-3-2021-76200,2023-04-23
76205,Marvel,Gargantos Showdown,29.99,4.5,264.0,156,https://www.lego.com/en-us/product/tbd-lsh-batch-a1-2022-76205,2023-04-23
76206,Marvel,Iron Man Figure,39.99,4.7,381.0,260,https://www.lego.com/en-us/product/iron-man-figure-76206,2023-04-23
76207,Marvel,Attack on New Asgard,19.99,4.7,159.0,130,https://www.lego.com/en-us/product/tbd-lsh-batch-b1-2022-76207,2023-04-23
76208,Marvel,The Goat Boat,59.99,4.7,564.0,390,https://www.lego.com/en-us/product/the-goat-boat-76208,2023-04-23
76209,Marvel,Thor's Hammer,99.99,4.6,979.0,650,https://www.lego.com/en-us/product/thor-s-hammer-76209,2023-04-23
76210,Marvel,Hulkbuster,549.99,2.8,4049.0,3575,https://www.lego.com/en-us/product/hulkbuster-76210,2023-04-23
76211,Marvel,Shuri's Sunbird,49.99,4.8,355.0,325,https://www.lego.com/en-us/product/tbd-lsh-batch-c1-2022-76211,2023-04-23
76212,Marvel,Shuri's Lab,9.99,4.6,58.0,65,https://www.lego.com/en-us/product/tbd-lsh-12-2022-76212,2023-04-23
76213,Marvel,King Namor’s Throne Room,34.99,4.7,355.0,227,https://www.lego.com/en-us/product/tbd-lsh-batch-c2-2022-76213,2023-04-23
76214,Marvel,Black Panther: War on the Water,89.99,4.0,545.0,585,https://www.lego.com/en-us/product/tbd-lsh-batch-c3-2022-76214,2023-04-23
76215,Marvel,Black Panther,349.99,3.3,2961.0,1365,https://www.lego.com/en-us/product/black-panther-76215,2023-04-23
76216,Marvel,Iron Man Armory,89.99,3.9,496.0,585,https://www.lego.com/en-us/product/tbd-lsh-15-2022-76216,2023-04-23
76217,Marvel,I am Groot,54.99,4.6,476.0,357,https://www.lego.com/en-us/product/tbd-lsh-16-2022-76217,2023-04-23
76218,Marvel,Sanctum Sanctorum,249.99,4.5,2708.0,1625,https://www.lego.com/en-us/product/tbd-lsh-17-2022-76218,2023-04-23
76220,Batman™,Batman™ versus Harley Quinn™,9.99,4.6,42.0,65,https://www.lego.com/en-us/product/batman-versus-harley-quinn-76220,2023-04-23
76223,Marvel,Nano Gauntlet,69.99,4.5,675.0,455,https://www.lego.com/en-us/product/tbd-lsh-22-2022-76223,2023-04-23
76225,Spider-Man,Miles Morales Figure,24.99,4.2,238.0,162,https://www.lego.com/en-us/product/tbd-lsh-24-2022-76225,2023-04-23
76226,Spider-Man,Spider-Man Figure,24.99,4.3,258.0,162,https://www.lego.com/en-us/product/tbd-lsh-25-2022-76226,2023-04-23
76230,Spider-Man,Venom Figure,24.99,4.4,297.0,162,https://www.lego.com/en-us/product/tbd-lsh-31-2022-76230,2023-04-23
76231,Marvel,Guardians of the Galaxy Advent Calendar,44.99,2.8,268.0,205,https://www.lego.com/en-us/product/guardians-of-the-galaxy-advent-calendar-76231,2023-04-23
76237,Marvel,Sanctuary II: Endgame Battle,39.99,,322.0,208,https://www.lego.com/en-us/product/tbd-mdp-extra-5-2021-76237,2023-04-23
76239,Batman™,LEGO® DC Batman™ Batmobile™ Tumbler: Scarecrow™ Showdown,39.99,4.9,422.0,208,https://www.lego.com/en-us/product/tbd-lsh-30-2021-76239,2023-04-23
76240,DC,LEGO® DC Batman™ Batmobile™ Tumbler,269.99,,2049.0,1755,https://www.lego.com/en-us/product/lego-dc-batman-batmobile-tumbler-76240,2023-04-23
76241,Marvel,Hulk Mech Armor,14.99,4.1,138.0,97,https://www.lego.com/en-us/product/hulk-mech-armor-76241,2023-04-23
76242,Marvel,Thanos Mech Armor,14.99,4.5,113.0,97,https://www.lego.com/en-us/product/thanos-mech-armor-76242,2023-04-23
76243,Marvel,Rocket Mech Armor,14.99,4.3,98.0,97,https://www.lego.com/en-us/product/rocket-mech-armor-76243,2023-04-23
76244,Marvel,Miles Morales vs. Morbius,24.99,4.9,220.0,162,https://www.lego.com/en-us/product/miles-morales-vs-morbius-76244,2023-04-23
76245,Marvel,Ghost Rider Mech & Bike,34.99,4.8,264.0,227,https://www.lego.com/en-us/product/ghost-rider-mech--bike-76245,2023-04-23
76247,Marvel,The Hulkbuster: The Battle of Wakanda,49.99,4.1,385.0,325,https://www.lego.com/en-us/product/the-hulkbuster-the-battle-of-wakanda-76247,2023-04-23
76248,Marvel,The Avengers Quinjet,99.99,,795.0,650,https://www.lego.com/en-us/product/the-avengers-quinjet-76248,2023-04-23
76251,Marvel,Star-Lord's Helmet,79.99,4.6,602.0,520,https://www.lego.com/en-us/product/tbd-lsh-11-2023-76251,2023-04-23
76253,Marvel,Guardians of the Galaxy Headquarters,9.99,4.5,67.0,65,https://www.lego.com/en-us/product/tbd-lsh-batch-b1-2023-76253,2023-04-23
76254,Marvel,Baby Rocket's Ship,34.99,5.0,330.0,227,https://www.lego.com/en-us/product/tbd-lsh-batch-b2-2023-76254,2023-04-23
76255,Marvel,The New Guardians' Ship,99.99,4.6,1108.0,650,https://www.lego.com/en-us/product/tbd-lsh-batch-b3-2023-76255,2023-04-23
76256,Marvel,Ant-Man Construction Figure,29.99,,289.0,195,https://www.lego.com/en-us/product/tbd-lsh-13-2023-76256,2023-04-23
76386,Harry Potter™,Hogwarts™: Polyjuice Potion Mistake,19.99,,217.0,130,https://www.lego.com/en-us/product/tbd-hp5-2021-76386,2023-04-23
76388,Harry Potter™,Hogsmeade™ Village Visit,89.99,4.7,851.0,585,https://www.lego.com/en-us/product/tbd-hp7-2021-76388,2023-04-23
76389,Harry Potter™,Hogwarts™ Chamber of Secrets,149.99,4.4,1176.0,975,https://www.lego.com/en-us/product/tbd-hp8-2021-76389,2023-04-23
76391,Harry Potter™,Hogwarts™ Icons - Collectors' Edition,299.99,,3010.0,1950,https://www.lego.com/en-us/product/hogwarts-icons-collectors-edition-76391,2023-04-23
76392,Harry Potter™,Hogwarts™ Wizard’s Chess,59.99,4.5,876.0,312,https://www.lego.com/en-us/product/tbd-hp11-2021-76392,2023-04-23
76393,Harry Potter™,Harry Potter & Hermione Granger™,119.99,4.8,1673.0,624,https://www.lego.com/en-us/product/tbd-hp12-2021-76393,2023-04-23
76394,Harry Potter™,"Fawkes, Dumbledore’s Phoenix",39.99,4.7,597.0,208,https://www.lego.com/en-us/product/tbd-hp13-2021-76394,2023-04-23
76396,Harry Potter™,Hogwarts™ Moment: Divination Class,29.99,4.5,297.0,156,https://www.lego.com/en-us/product/hogwarts-moment-divination-class-76396,2023-04-23
76397,Harry Potter™,Hogwarts™ Moment: Defense Class,29.99,,257.0,156,https://www.lego.com/en-us/product/hogwarts-moment-defence-class-76397,2023-04-23
76398,Harry Potter™,Hogwarts™ Hospital Wing,49.99,4.8,510.0,325,https://www.lego.com/en-us/product/hogwarts-hospital-wing-76398,2023-04-23
76399,Harry Potter™,Hogwarts™ Magical Trunk,64.99,4.5,603.0,422,https://www.lego.com/en-us/product/tbd-hp-4-2022-trunk-concept-76399,2023-04-23
76400,Harry Potter™,Hogwarts™ Carriage and Thestrals,19.99,4.8,121.0,130,https://www.lego.com/en-us/product/tbd-hp-5-2022-76400,2023-04-23
76401,Harry Potter™,Hogwarts™ Courtyard: Sirius’s Rescue,49.99,3.1,345.0,325,https://www.lego.com/en-us/product/tbd-hp-6-2022-76401,2023-04-23
76402,Harry Potter™,Hogwarts™: Dumbledore’s Office,79.99,4.7,654.0,520,https://www.lego.com/en-us/product/tbd-hp-7-2022-76402,2023-04-23
76403,Harry Potter™,The Ministry of Magic™,99.99,3.9,990.0,650,https://www.lego.com/en-us/product/tbd-hp-8-2022-76403,2023-04-23
76404,Harry Potter™,LEGO® Harry Potter™ Advent Calendar,44.99,3.3,334.0,205,https://www.lego.com/en-us/product/tbd-hp-9-2022-advent-calendar-76404,2023-04-23
76405,Harry Potter™,Hogwarts Express™ – Collectors' Edition,499.99,,5129.0,3250,https://www.lego.com/en-us/product/hogwarts-express-collectors-edition-76405,2023-04-23
76406,Harry Potter™,Hungarian Horntail Dragon,49.99,4.7,671.0,325,https://www.lego.com/en-us/product/tbd-brick-built-creature-mdp1-76406,2023-04-23
76407,Harry Potter™,The Shrieking Shack & Whomping Willow™,89.99,4.8,777.0,585,https://www.lego.com/en-us/product/tbd-playset-mdp2-76407,2023-04-23
76408,Harry Potter™,12 Grimmauld Place,119.99,4.4,1083.0,780,https://www.lego.com/en-us/product/tbd-playset-mdp3-76408,2023-04-23
76409,Harry Potter™,Gryffindor™ House Banner,34.99,4.5,285.0,227,https://www.lego.com/en-us/product/gryffindor-house-banner-76409,2023-04-23
76410,Harry Potter™,Slytherin™ House Banner,34.99,4.0,349.0,227,https://www.lego.com/en-us/product/slytherin-house-banner-76410,2023-04-23
76411,Harry Potter™,Ravenclaw™ House Banner,34.99,4.3,305.0,227,https://www.lego.com/en-us/product/ravenclaw-house-banner-76411,2023-04-23
76412,Harry Potter™,Hufflepuff™ House Banner,34.99,4.6,313.0,227,https://www.lego.com/en-us/product/hufflepuff-house-banner-76412,2023-04-23
76413,Harry Potter™,Hogwarts™: Room of Requirement,49.99,4.8,587.0,325,https://www.lego.com/en-us/product/hogwarts-room-of-requirement-76413,2023-04-23
76420,Harry Potter™,Triwizard Tournament: The Black Lake,44.99,4.8,349.0,292,https://www.lego.com/en-us/product/triwizard-tournament-the-black-lake-76420,2023-04-23
76939,Jurassic World™,Stygimoloch Dinosaur Escape,39.99,4.9,129.0,208,https://www.lego.com/en-us/product/stygimoloch-dinosaur-escape-76939,2023-04-23
76942,Jurassic World™,Baryonyx Dinosaur Boat Escape,79.99,4.8,308.0,416,https://www.lego.com/en-us/product/baryonyx-dinosaur-boat-escape-76942,2023-04-23
76943,Jurassic World™,Pteranodon Chase,19.99,5.0,94.0,130,https://www.lego.com/en-us/product/tbd-jw-4-1-2022-76943,2023-04-23
76944,Jurassic World™,T. rex Dinosaur Breakout,49.99,4.7,140.0,325,https://www.lego.com/en-us/product/tbd-jw-4-2-2022-76944,2023-04-23
76945,Jurassic World™,Atrociraptor Dinosaur: Bike Chase,19.99,,169.0,130,https://www.lego.com/en-us/product/tbd-jw-core-1-2022-76945,2023-04-23
76946,Jurassic World™,Blue & Beta Velociraptor Capture,34.99,4.9,181.0,227,https://www.lego.com/en-us/product/tbd-jw-core-2-2022-76946,2023-04-23
76947,Jurassic World™,Quetzalcoatlus Plane Ambush,44.99,,306.0,292,https://www.lego.com/en-us/product/tbd-jw-core-3-2022-76947,2023-04-23
76948,Jurassic World™,T. rex & Atrociraptor Dinosaur Breakout,99.99,,466.0,650,https://www.lego.com/en-us/product/tbd-jw-core-4-2022-76948,2023-04-23
76949,Jurassic World™,Giganotosaurus & Therizinosaurus Attack,139.99,,810.0,910,https://www.lego.com/en-us/product/tbd-jw-core-5-2022-76949,2023-04-23
76950,Jurassic World™,Triceratops Pickup Truck Ambush,44.99,,210.0,292,https://www.lego.com/en-us/product/tbd-jw-mdp-1-2022-76950,2023-04-23
76951,Jurassic World™,Pyroraptor & Dilophosaurus Transport,44.99,,254.0,292,https://www.lego.com/en-us/product/tbd-jw-mdp-2-2022-76951,2023-04-23
76956,Jurassic World™,T. rex Breakout,99.99,4.2,1212.0,650,https://www.lego.com/en-us/product/tbd-jw-mdp-3-2022-76956,2023-04-23
76957,Jurassic World™,Velociraptor Escape,39.99,,137.0,260,https://www.lego.com/en-us/product/velociraptor-escape-76957,2023-04-23
76958,Jurassic World™,Dilophosaurus Ambush,19.99,,211.0,130,https://www.lego.com/en-us/product/dilophosaurus-ambush-76958,2023-04-23
76959,Jurassic World™,Triceratops Research,49.99,,281.0,325,https://www.lego.com/en-us/product/triceratops-research-76959,2023-04-23
76960,Jurassic World™,Brachiosaurus Discovery,79.99,,512.0,520,https://www.lego.com/en-us/product/brachiosaurus-discovery-76960,2023-04-23
76961,Jurassic World™,Visitor Center: T. rex & Raptor Attack,129.99,,693.0,845,https://www.lego.com/en-us/product/visitor-center-t-rex--raptor-attack-76961,2023-04-23
76990,LEGO® Sonic the Hedgehog™,Sonic's Speed Sphere Challenge,34.99,,292.0,227,https://www.lego.com/en-us/product/tbd-lemon1-76990,2023-04-23
76991,LEGO® Sonic the Hedgehog™,Tails' Workshop and Tornado Plane,39.99,,376.0,260,https://www.lego.com/en-us/product/tbd-lemon2-76991,2023-04-23
76992,LEGO® Sonic the Hedgehog™,Amy's Animal Rescue Island,49.99,,388.0,325,https://www.lego.com/en-us/product/tbd-lemon3-76992,2023-04-23
76994,LEGO® Sonic the Hedgehog™,Sonic's Green Hill Zone Loop Challenge,99.99,,802.0,650,https://www.lego.com/en-us/product/tbd-lemon5-76994,2023-04-23
77012,LEGO® Indiana Jones™,Fighter Plane Chase,34.99,4.6,387.0,227,https://www.lego.com/en-us/product/fighter-plane-chase-77012,2023-04-23
77013,LEGO® Indiana Jones™,Escape from the Lost Tomb,39.99,4.6,600.0,260,https://www.lego.com/en-us/product/escape-from-the-lost-tomb-77013,2023-04-23
77015,LEGO® Indiana Jones™,Temple of the Golden Idol,149.99,4.9,1545.0,975,https://www.lego.com/en-us/product/temple-of-the-golden-idol-77015,2023-04-23
80008,Monkie Kid™,Monkie Kid’s Cloud Jet,59.99,4.6,529.0,390,https://www.lego.com/en-us/product/tbd-fcfc-2020-3-80008,2023-04-23
80030,Monkie Kid™,Monkie Kid’s Staff Creations,39.99,5.0,309.0,260,https://www.lego.com/en-us/product/monkie-kids-staff-creations-80030,2023-04-23
80032,Monkie Kid™,Chang’e Moon Cake Factory,69.99,4.2,609.0,455,https://www.lego.com/en-us/product/change-moon-cake-factory-80032,2023-04-23
80033,Monkie Kid™,Evil Macaque’s Mech,89.99,4.3,893.0,585,https://www.lego.com/en-us/product/evil-macaques-mech-80033,2023-04-23
80034,Monkie Kid™,Nezha’s Fire Ring,99.99,4.6,929.0,650,https://www.lego.com/en-us/product/nezhas-fire-ring-80034,2023-04-23
80035,Monkie Kid™,Monkie Kid's Galactic Explorer,129.99,5.0,1356.0,845,https://www.lego.com/en-us/product/monkie-kids-galactic-explorer-80035,2023-04-23
80036,Monkie Kid™,The City of Lanterns,159.99,4.9,2187.0,1040,https://www.lego.com/en-us/product/the-city-of-lanterns-80036,2023-04-23
80037,Monkie Kid™,Dragon of the East,79.99,4.8,880.0,520,https://www.lego.com/en-us/product/dragon-of-the-east-80037,2023-04-23
80038,Monkie Kid™,Monkie Kid’s Team Van,129.99,4.9,1406.0,845,https://www.lego.com/en-us/product/monkie-kids-team-van-80038,2023-04-23
80039,Monkie Kid™,The Heavenly Realms,189.99,4.8,2433.0,1235,https://www.lego.com/en-us/product/the-heavenly-realms-80039,2023-04-23
80040,Monkie Kid™,Monkie Kid's Combi Mech,19.99,5.0,277.0,130,https://www.lego.com/en-us/product/monkie-kids-combi-mech-80040,2023-04-23
80041,Monkie Kid™,Mei's Dragon Jet,19.99,5.0,246.0,130,https://www.lego.com/en-us/product/meis-dragon-jet-80041,2023-04-23
80043,Monkie Kid™,Yellow Tusk Elephant,79.99,4.7,844.0,520,https://www.lego.com/en-us/product/yellow-tusk-elephant-80043,2023-04-23
80044,Monkie Kid™,Monkie Kid's Team Hideout,139.99,,1582.0,910,https://www.lego.com/en-us/product/monkie-kids-team-hideout-80044,2023-04-23
80045,Monkie Kid™,Monkey King Ultra Mech,159.99,4.8,1705.0,1040,https://www.lego.com/en-us/product/monkey-king-ultra-mech-80045,2023-04-23
88005,Powered UP,Light,9.99,4.0,1.0,65,https://www.lego.com/en-us/product/light-88005,2023-04-23
88006,Powered UP,Move Hub,79.99,2.7,1.0,520,https://www.lego.com/en-us/product/move-hub-88006,2023-04-23
88007,Powered UP,Color & Distance Sensor,13.99,4.1,1.0,91,https://www.lego.com/en-us/product/color-distance-sensor-88007,2023-04-23
88008,Powered UP,Medium Linear Motor,16.99,,1.0,110,https://www.lego.com/en-us/product/medium-linear-motor-88008,2023-04-23
88009,Powered UP,Hub,49.99,,1.0,325,https://www.lego.com/en-us/product/hub-88009,2023-04-23
88010,Powered UP,Remote Control,22.99,3.0,1.0,149,https://www.lego.com/en-us/product/remote-control-88010,2023-04-23
88011,Powered UP,Train Motor,13.99,,7.0,91,https://www.lego.com/en-us/product/train-motor-88011,2023-04-23
88013,Powered UP,Technic™ Large Motor,39.99,,1.0,260,https://www.lego.com/en-us/product/technic-large-motor-88013,2023-04-23
88015,Powered UP,Battery Box,34.99,2.0,1.0,227,https://www.lego.com/en-us/product/battery-box-88015,2023-04-23
88016,Powered UP,Large Hub,249.99,2.8,2.0,1625,https://www.lego.com/en-us/product/large-hub-88016,2023-04-23
88018,Powered UP,Medium Angular Motor,39.99,4.0,1.0,260,https://www.lego.com/en-us/product/medium-angular-motor-88018,2023-04-23
92176,Ideas,LEGO® NASA Apollo Saturn V,119.99,4.8,1969.0,624,https://www.lego.com/en-us/product/lego-nasa-apollo-saturn-v-92176,2023-04-23
853433,DC,LEGO® DC Comics™ Super Heroes Wonder Woman Key Chain,5.99,4.6,,31,https://www.lego.com/en-us/product/lego-super-heroes-wonder-woman-keyring-853433,2023-04-23
853950,Marvel,Spider-Man Key Chain,5.99,3.6,,39,https://www.lego.com/en-us/product/spider-man-key-chain-853950,2023-04-23
853951,Batman™,Batman™ Key Chain,5.99,5.0,,31,https://www.lego.com/en-us/product/batman-keyring-853951,2023-04-23
853952,DC,Superman™ Key Chain,5.99,,,39,https://www.lego.com/en-us/product/superman-keyring-853952,2023-04-23
853955,Disney™,Aurora Key Chain,5.99,,,31,https://www.lego.com/en-us/product/aurora-keyring-853955,2023-04-23
853968,Frozen,LEGO® ǀ Disney Frozen 2 Elsa Key Chain,5.99,,,39,https://www.lego.com/en-us/product/lego--disney-frozen-2-elsa-key-chain-853968,2023-04-23
853970,Frozen,LEGO® ǀ Disney Frozen 2 Olaf Key Chain,5.99,,,39,https://www.lego.com/en-us/product/lego--disney-frozen-2-olaf-key-chain-853970,2023-04-23
853998,Disney™,Mickey Key Chain,5.99,4.5,,39,https://www.lego.com/en-us/product/mickey-key-chain-853998,2023-04-23
853999,Disney™,Minnie Key Chain,5.99,,,39,https://www.lego.com/en-us/product/minnie-key-chain-853999,2023-04-23
854006,Marvel,Venom Key Chain,5.99,,,31,https://www.lego.com/en-us/product/venom-key-chain-854006,2023-04-23
854043,Minions,Otto Key Chain,5.99,,,31,https://www.lego.com/en-us/product/tbd-key-chain-1-854043,2023-04-23
854064,Marvel,Captain Marvel Key Chain,5.99,3.7,,31,https://www.lego.com/en-us/product/captain-marvel-key-chain-854064,2023-04-23
854071,Minions,Stuart Key Chain,5.99,,,31,https://www.lego.com/en-us/product/tbd-key-chain-2-854071,2023-04-23
854077,Spider-Man,Spider-Ham Key Chain,5.99,4.3,,39,https://www.lego.com/en-us/product/spider-ham-key-chain-854077,2023-04-23
854078,Marvel,Thanos Key Chain,5.99,,,31,https://www.lego.com/en-us/product/thanos-key-chain-854078,2023-04-23
854111,Disney™,Donald Duck Key Chain,5.99,,,39,https://www.lego.com/en-us/product/donald-duck-key-chain-854111,2023-04-23
854112,Disney™,Daisy Duck Key Chain,5.99,,,39,https://www.lego.com/en-us/product/daisy-duck-key-chain-854112,2023-04-23
854114,Harry Potter™,Harry Potter™ Key Chain,5.99,5.0,,39,https://www.lego.com/en-us/product/harry-potter-key-chain-854114,2023-04-23
854115,Harry Potter™,Hermione Key Chain,5.99,,,39,https://www.lego.com/en-us/product/hermione-key-chain-854115,2023-04-23
854116,Harry Potter™,Ron Key Chain,5.99,,,31,https://www.lego.com/en-us/product/ron-key-chain-854116,2023-04-23
854153,Spider-Man,Miles Morales Key Chain,5.99,5.0,,39,https://www.lego.com/en-us/product/miles-morales-key-chain-854153,2023-04-23
854154,Spider-Man,Carnage Key Chain,5.99,5.0,,39,https://www.lego.com/en-us/product/carnage-key-chain-854154,2023-04-23
854155,Harry Potter™,Voldemort™ Key Chain,5.99,,,39,https://www.lego.com/en-us/product/voldemort-key-chain-854155,2023-04-23
854157,Minifigures,Lady Bug Girl Key Chain,5.99,5.0,,31,https://www.lego.com/en-us/product/lady-bug-girl-key-chain-854157,2023-04-23
854158,Minifigures,French Bull Dog Guy Key Chain,5.99,3.5,,39,https://www.lego.com/en-us/product/french-bull-dog-guy-key-chain-854158,2023-04-23
854189,Marvel,Black Panther Key Chain,5.99,5.0,,39,https://www.lego.com/en-us/product/black-panther-key-chain-854189,2023-04-23
854191,Disney™,Winnie the Pooh Key Chain,5.99,,,39,https://www.lego.com/en-us/product/wp-854191,2023-04-23
854193,Disney™,Tigger,5.99,5.0,,31,https://www.lego.com/en-us/product/tigger-854193,2023-04-23
854196,Disney™,Goofy Key Chain,5.99,,,39,https://www.lego.com/en-us/product/goofy-key-chain-854196,2023-04-23
854198,Harry Potter™,Dumbledore Key Chain,5.99,,,39,https://www.lego.com/en-us/product/dumbledore-key-chain-854198,2023-04-23
854203,Disney™,Eeyore Key Chain,5.99,,,39,https://www.lego.com/en-us/product/eeyore-key-chain-854203,2023-04-23
854235,Batman™,Batman™ Key Chain,5.99,,,39,https://www.lego.com/en-us/product/batman-key-chain-854235,2023-04-23
854238,Batman™,Harley Quinn™ Key Chain,5.99,,,39,https://www.lego.com/en-us/product/harley-quinn-key-chain-854238,2023-04-23
854240,Marvel,Iron Man Key Chain,5.99,,,39,https://www.lego.com/en-us/product/iron-man-key-chain-854240,2023-04-23
854241,Marvel,Scarlet Witch Key Chain,5.99,5.0,,39,https://www.lego.com/en-us/product/scarlet-witch-key-chain-854241,2023-04-23
5004892,Minifigures,LEGO® Minifigure Display Case 16 – Red,34.99,,,227,https://www.lego.com/en-us/product/lego-mf-display-case-16-red-5004892,2023-04-23
5005375,Minifigures,LEGO® Minifigure Display Case 16,34.99,,,227,https://www.lego.com/en-us/product/lego-mf-display-case-16-black-5005375,2023-04-23
5005730,DC,LEGO® DC Super Heroes Visual Dictionary,21.99,5.0,,143,https://www.lego.com/en-us/product/lego-dc-super-heroes-visual-dictionary-5005730,2023-04-23
5005731,City,LEGO® City Busy Word Book,14.99,5.0,,97,https://www.lego.com/en-us/product/lego-city-busy-word-book-5005731,2023-04-23
5006151,Minifigures,8-Minifigure Display Case – Red,19.99,,,130,https://www.lego.com/en-us/product/8-minifigure-display-case--red-5006151,2023-04-23
5006152,Minifigures,Display Case 8 – Black,19.99,3.6,,130,https://www.lego.com/en-us/product/display-case-8--black-5006152,2023-04-23
5006203,Other,"Paint Party 1,000-Piece Puzzle",17.99,,,117,https://www.lego.com/en-us/product/paint-party-1000-piece-puzzle-5006203,2023-04-23
5006256,NINJAGO®,LEGO® NINJAGO® Choose Your Ninja Mission,19.99,,,130,https://www.lego.com/en-us/product/lego-ninjago-choose-your-ninja-mission-5006256,2023-04-23
5006266,NINJAGO®,LEGO® NINJAGO® Visual Dictionary New Edition,21.99,,,143,https://www.lego.com/en-us/product/lego-ninjago-visual-dictionary-new-edition-5006266,2023-04-23
5006272,DOTS,Secret Diary with Lock,19.99,,,130,https://www.lego.com/en-us/product/secret-diary-with-lock-5006272,2023-04-23
5006273,DOTS,Notebook with Elastic Band,14.99,,,97,https://www.lego.com/en-us/product/notebook-with-elastic-band-5006273,2023-04-23
5006274,DOTS,Marker 6 Pack,19.99,,,130,https://www.lego.com/en-us/product/marker-6-pack-5006274,2023-04-23
5006275,DOTS,Gel Pen 6 Pack,19.99,,,130,https://www.lego.com/en-us/product/gel-pen-6-pack-5006275,2023-04-23
5006277,DOTS,Hard Pencil Case,12.99,5.0,,84,https://www.lego.com/en-us/product/hard-pencil-case-5006277,2023-04-23
5006278,DOTS,Round 4x4 Key Chain,6.99,,,45,https://www.lego.com/en-us/product/round-4x4-key-chain-5006278,2023-04-23
5006495,DUPLO®,Backpack - Monkey,39.99,,,260,https://www.lego.com/en-us/product/backpack---monkey-5006495,2023-04-23
5006498,DUPLO®,Backpack - Panda,39.99,,,260,https://www.lego.com/en-us/product/backpack---panda-5006498,2023-04-23
5006598,Minifigures,Minifigure Display Case 16,34.99,,,227,https://www.lego.com/en-us/product/minifigure-display-case-16-5006598,2023-04-23
5006625,Other,Unicorn Girl Plush,26.99,,,175,https://www.lego.com/en-us/product/unicorn-girl-plush-5006625,2023-04-23
5006626,Minifigures,Butterfly Girl Plush,26.99,,,175,https://www.lego.com/en-us/product/butterfly-girl-plush-5006626,2023-04-23
5006850,Disney™,Meet Moana,7.99,,,52,https://www.lego.com/en-us/product/meet-moana-5006850,2023-04-23
5006858,Minifigures,Statue of Liberty Bag Tag,9.99,,,65,https://www.lego.com/en-us/product/statue-of-liberty-bag-tag-5006858,2023-04-23
5006880,Harry Potter™,Magical Treasury,21.99,,,143,https://www.lego.com/en-us/product/magical-treasury-5006880,2023-04-23
5006882,City,Build Your Own Adventure: Catch the Crooks,24.99,,,162,https://www.lego.com/en-us/product/build-your-own-adventure-catch-the-crooks-5006882,2023-04-23
5007060,LEGO® Super Mario™,The Team-Up Bundle,119.98,2.9,,780,https://www.lego.com/en-us/product/the-team-up-bundle-5007060,2023-04-23
5007062,LEGO® Super Mario™,The Ultimate Bundle,299.95,,,1950,https://www.lego.com/en-us/product/the-ultimate-bundle-5007062,2023-04-23
5007066,Minifigures,"Space Stars 1,000-Piece Puzzle",17.99,,,117,https://www.lego.com/en-us/product/space-stars-1000-piece-puzzle-5007066,2023-04-23
5007067,Art,LEGO® IDEAS Minifigure Space Mission Puzzle,17.99,5.0,,117,https://www.lego.com/en-us/product/lego-ideas-minifigure-space-mission-puzzle-5007067,2023-04-23
5007068,Art,"Ice Cream Dream 1,000-Piece Puzzle",17.99,,,117,https://www.lego.com/en-us/product/ice-cream-dream-1000-piece-puzzle-5007068,2023-04-23
5007070,Minifigures,"Minifigure Faces 1,000-Piece Puzzle",17.99,4.2,,117,https://www.lego.com/en-us/product/minifigure-faces-1000-piece-puzzle-5007070,2023-04-23
5007071,Minifigures,"Minifigure 1,000-Piece Puzzle",17.99,4.5,,117,https://www.lego.com/en-us/product/minifigure-1000-piece-puzzle-5007071,2023-04-23
5007178,Minifigures,LEGO® Minifigure Notes: 20 Notecards and Envelopes,15.99,,,104,https://www.lego.com/en-us/product/lego-minifigure-notes-20-notecards-and-envelopes-5007178,2023-04-23
5007179,Minifigures,Small Parts: The Secret Life of Minifigures,15.99,,,104,https://www.lego.com/en-us/product/small-parts-the-secret-life-of-minifigures-5007179,2023-04-23
5007181,City,LEGO® Fire Chief 46 in. x 60 in. Throw,19.99,,,104,https://www.lego.com/en-us/product/lego-fire-chief-46-in-x-60-in-throw-5007181,2023-04-23
5007182,Other,LEGO® City Town Map 46 in. x 60 in. Throw,19.99,,,104,https://www.lego.com/en-us/product/lego-city-town-map-46-in-x-60-in-throw-5007182,2023-04-23
5007183,City,LEGO® City Police 46 in. x 60 in. Throw,19.99,,,104,https://www.lego.com/en-us/product/lego-city-police-46-in-x-60-in-throw-5007183,2023-04-23
5007211,NINJAGO®,Mighty LEGO® Mechs,14.99,,,97,https://www.lego.com/en-us/product/mighty-lego-mechs-5007211,2023-04-23
5007212,Classic,How to Build LEGO® Cars,14.99,,,97,https://www.lego.com/en-us/product/how-to-build-lego-cars-5007212,2023-04-23
5007213,Classic,How to Build LEGO® Houses,14.99,4.0,,97,https://www.lego.com/en-us/product/how-to-build-lego-houses-5007213,2023-04-23
5007451,Minifigures,Mask & Hands Child Kit,24.99,3.0,,162,https://www.lego.com/en-us/product/mask--hands-child-kit-5007451,2023-04-23
5007453,Harry Potter™,Hermione Granger™ Plush,26.99,,,175,https://www.lego.com/en-us/product/hermione-granger-plush-5007453,2023-04-23
5007454,Harry Potter™,Albus Dumbledore™ Plush,26.99,,,175,https://www.lego.com/en-us/product/albus-dumbledore-plush-5007454,2023-04-23
5007455,Harry Potter™,Harry Potter™ Plush,26.99,,,175,https://www.lego.com/en-us/product/harry-potter-plush-5007455,2023-04-23
5007466,NINJAGO®,Spinjitzu Brothers: Curse of the Cateye Jewel,9.99,,,65,https://www.lego.com/en-us/product/spinjitzu-brothers-curse-of-the-cateye-jewel-5007466,2023-04-23
5007467,NINJAGO®,Spinjitzu Brothers: Lair of Tanabrax,9.99,,,65,https://www.lego.com/en-us/product/spinjitzu-brothers-lair-of-tanabrax-5007467,2023-04-23
5007468,NINJAGO®,Spinjitzu Brothers: Maze of the Sphinx,13.99,,,91,https://www.lego.com/en-us/product/spinjitzu-brothers-maze-of-the-sphinx-5007468,2023-04-23
5007470,NINJAGO®,5 Minute Stories,14.99,,,97,https://www.lego.com/en-us/product/5-minute-stories-5007470,2023-04-23
5007471,NINJAGO®,Book of Elemental Powers,9.99,,,65,https://www.lego.com/en-us/product/book-of-elemental-powers-5007471,2023-04-23
5007473,City,LEGO® City: LEGO World Heroes in Training,5.99,,,39,https://www.lego.com/en-us/product/lego-city-lego-world-heroes-in-training-5007473,2023-04-23
5007491,Harry Potter™,Lord Voldemort™ Plush,26.99,,,175,https://www.lego.com/en-us/product/lord-voldemort-plush-5007491,2023-04-23
5007492,Harry Potter™,Ron Weasley™ Plush,26.99,,,175,https://www.lego.com/en-us/product/ron-weasley-plush-5007492,2023-04-23
5007493,Harry Potter™,Hedwig™ Plush,26.99,,,175,https://www.lego.com/en-us/product/hedwig-plush-5007493,2023-04-23
5007494,Harry Potter™,Hagrid™ Plush,38.99,,,253,https://www.lego.com/en-us/product/hagrid-plush-5007494,2023-04-23
5007524,Minifigures,Minifigure Mission,19.99,,,130,https://www.lego.com/en-us/product/minifigure-mission-5007524,2023-04-23
5007525,Minifigures,LEGO® Minifigure Handbook,14.99,,,97,https://www.lego.com/en-us/product/lego-minifigure-handbook-5007525,2023-04-23
5007535,Minifigures,Dr. Flieber Key Chain,14.99,3.0,,97,https://www.lego.com/en-us/product/dr-flieber-key-chain-5007535,2023-04-23
5007551,Jurassic World™,Jurassic World Activity Landscape Box,15.99,,,104,https://www.lego.com/en-us/product/jurassic-world-activity-landscape-box-5007551,2023-04-23
5007553,NINJAGO®,Build and Stick: NINJAGO® Dragons,14.99,,,97,https://www.lego.com/en-us/product/build-and-stick-ninjago-dragons-5007553,2023-04-23
5007554,Harry Potter™,5-Minute Harry Potter™ Builds,15.99,,,104,https://www.lego.com/en-us/product/5-minute-harry-potter-builds-5007554,2023-04-23
5007619,Minifigures,The Art of the Minifigure,35.0,,,228,https://www.lego.com/en-us/product/the-art-of-the-minifigure-5007619,2023-04-23
5007620,Minifigures,2023 LEGO® Wall Calendar,14.99,,,97,https://www.lego.com/en-us/product/2023-lego-wall-calendar-5007620,2023-04-23
5007642,Minifigures,In Focus,30.0,5.0,,195,https://www.lego.com/en-us/product/in-focus-5007642,2023-04-23
5007643,Minifigures,"Minifigure Rainbow 1,000-Piece Puzzle",17.95,5.0,,117,https://www.lego.com/en-us/product/minifigure-rainbow-1000-piece-puzzle-5007643,2023-04-23
5007707,City,Stop The Fire!,8.99,,,58,https://www.lego.com/en-us/product/stop-the-fire-5007707,2023-04-23
5007708,City,Go Extreme!,8.99,,,58,https://www.lego.com/en-us/product/go-extreme-5007708,2023-04-23
5007709,DOTS,Secret Coding Fun!,12.99,,,84,https://www.lego.com/en-us/product/secret-coding-fun-5007709,2023-04-23
5007790,NINJAGO®,Volume 1: Garmadon,12.99,,,84,https://www.lego.com/en-us/product/volume-1-garmadon-5007790,2023-04-23
5007816,NINJAGO®,Quest for the Lost Powers: Four Untold Tales,11.99,,,78,https://www.lego.com/en-us/product/quest-for-the-lost-powers-four-untold-tales-5007816,2023-04-23
5007848,DC,5-Minute Stories,14.99,,,97,https://www.lego.com/en-us/product/5-minute-stories-5007848,2023-04-23
5007849,City,5-Minute Stories,14.99,,,97,https://www.lego.com/en-us/product/5-minute-stories-5007849,2023-04-23
5007857,NINJAGO®,Golden Ninja,8.99,,,58,https://www.lego.com/en-us/product/golden-ninja-5007857,2023-04-23
5007858,Harry Potter™,Let’s Play Quidditch™,8.99,,,58,https://www.lego.com/en-us/product/lets-play-quidditch-5007858,2023-04-23
5007859,Harry Potter™,Wizarding Duels: Potter vs. Malfoy,14.99,,,97,https://www.lego.com/en-us/product/wizarding-duels-potter-vs-malfoy-5007859,2023-04-23
5007860,Batman™,GOTHAM CITY's New Defender,8.99,,,58,https://www.lego.com/en-us/product/gotham-citys-new-defender-5007860,2023-04-23
5007861,Jurassic World™,Jurassic World Dominion: Adventures of a Dino Expert!,8.99,,,58,https://www.lego.com/en-us/product/jurassic-world-dominion-adventures-of-a-dino-expert-5007861,2023-04-23
5007862,NINJAGO®,Spinjitzu Brothers: The Chroma's Clutches,9.99,,,65,https://www.lego.com/en-us/product/spinjitzu-brothers-the-chromas-clutches-5007862,2023-04-23
